Actual,Predicted_Best,Predicted_Logistic,Predicted_GB
0,0,0,0
0,0,1,0
0,0,0,0
0,0,0,0
1,1,1,1
1,1,1,1
0,0,0,0
0,0,0,0
1,1,1,1
0,0,0,0
1,1,0,1
0,0,1,0
0,0,0,0
1,1,1,1
0,0,0,0
0,0,0,0
1,1,1,1
1,1,1,1
1,1,0,1
1,1,1,1
1,1,1,1
1,1,1,1
0,0,0,0
0,0,1,0
0,0,0,0
0,0,0,0
0,0,0,0
1,1,1,1
0,0,0,0
0,0,0,0
0,0,0,0
0,0,0,0
1,1,1,1
1,1,1,1
0,0,0,0
1,1,1,1
0,0,0,0
1,1,1,1
1,1,1,1
1,1,1,1
0,0,1,0
1,1,1,1
1,1,1,1
1,1,1,1
1,1,1,1
0,0,0,0
0,0,0,0
1,1,1,1
0,0,0,0
1,1,1,1
0,0,0,0
1,1,1,1
0,0,0,0
1,1,1,1
0,0,1,0
1,1,1,1
1,1,1,1
1,1,1,1
1,1,1,1
0,0,0,0
1,1,1,1
1,1,1,1
1,1,1,1
1,1,1,1
0,0,0,0
1,1,1,1
1,1,1,1
0,0,0,0
0,0,0,0
1,1,1,1
0,0,0,0
0,0,1,0
1,1,1,1
1,1,1,1
0,0,0,0
1,1,1,1
0,0,0,0
0,0,0,0
1,1,1,1
1,1,1,1
0,0,0,0
1,1,1,1
0,0,1,0
0,0,1,0
1,1,1,1
1,1,1,1
0,0,0,0
0,0,0,0
0,0,1,0
0,0,0,0
0,0,0,0
1,1,1,1
0,0,0,0
1,1,0,1
1,1,1,1
0,0,0,0
0,0,0,0
1,1,1,1
1,1,1,1
1,1,1,1
1,1,1,1
1,1,1,1
0,0,0,0
1,1,1,1
0,0,1,0
1,1,1,1
0,0,0,0
1,1,1,1
1,1,1,1
0,0,0,0
1,1,1,1
0,0,0,0
0,0,0,0
0,0,1,0
1,1,0,1
0,0,1,0
1,1,1,1
0,0,0,0
0,0,0,0
0,0,0,0
1,1,1,1
1,1,1,1
1,1,1,1
1,1,1,1
1,1,0,1
1,1,1,1
0,0,0,0
0,0,0,0
0,0,0,0
0,0,0,0
1,1,1,1
0,0,1,0
1,1,0,1
1,1,0,1
1,1,1,1
0,0,0,0
1,1,0,1
1,1,1,1
1,1,1,1
0,0,1,0
1,1,1,1
1,1,1,1
0,0,0,0
0,0,0,0
0,0,0,0
0,0,0,0
1,1,1,1
0,0,0,0
1,1,1,1
1,1,1,1
0,0,0,0
1,1,1,1
0,0,1,0
1,1,1,1
0,0,0,0
1,1,1,1
1,1,1,1
0,0,1,0
0,0,0,0
0,0,1,0
1,1,1,1
0,0,0,0
1,1,1,1
1,1,1,1
0,0,0,0
1,1,1,1
1,1,1,1
0,0,0,0
0,0,0,0
1,1,0,1
1,1,1,1
0,0,0,0
0,0,0,0
1,1,1,1
0,0,0,0
1,1,1,1
1,1,1,1
1,1,1,1
1,1,1,1
1,1,1,1
0,0,0,0
1,1,1,1
0,0,0,0
0,0,0,0
0,0,1,0
1,1,0,1
1,1,1,1
0,0,0,0
0,0,0,0
1,1,1,1
0,0,0,0
0,0,0,0
1,1,1,1
1,1,1,1
1,1,1,1
0,0,0,0
1,1,1,1
1,1,1,1
0,0,0,0
1,1,1,1
0,0,0,0
0,0,0,0
1,1,1,1
1,1,1,1
0,0,0,0
0,0,0,0
0,0,0,0
1,1,1,1
1,1,1,1
1,1,1,1
1,1,1,1
0,0,0,0
0,0,0,0
1,1,1,1
0,0,1,0
0,0,0,0
0,0,0,0
1,1,1,1
1,1,1,1
0,0,0,0
1,1,1,1
1,1,1,1
1,1,1,1
1,1,1,1
1,1,1,1
1,1,1,1
0,0,0,0
0,0,0,0
1,1,1,1
1,1,0,1
0,0,0,0
1,1,0,1
1,1,1,1
1,1,1,1
0,0,0,0
0,0,0,0
0,0,0,0
0,0,1,0
1,1,1,1
0,0,0,0
0,0,1,0
1,1,1,1
0,0,0,0
0,0,0,0
0,0,0,0
0,0,0,0
0,0,0,0
1,1,1,1
1,1,1,1
1,1,0,1
1,1,1,1
0,0,0,0
0,0,0,0
0,0,0,0
1,1,1,1
1,1,1,1
1,1,1,1
0,0,0,0
0,0,0,0
0,0,0,0
1,1,1,1
0,0,0,0
1,1,1,1
0,0,0,0
0,0,0,0
1,1,1,1
0,0,0,0
1,1,1,1
1,1,0,1
0,0,0,0
1,1,1,1
1,1,1,1
0,0,0,0
0,0,0,0
0,0,0,0
1,1,1,1
0,0,0,0
0,0,0,0
0,0,0,0
0,0,0,0
0,0,1,0
0,0,0,0
1,1,1,1
1,1,1,1
0,0,0,0
0,0,0,0
0,0,0,0
1,1,1,1
1,1,0,1
1,1,1,1
1,1,1,1
0,0,0,0
0,0,0,0
1,1,1,1
1,1,1,1
1,1,1,1
1,1,1,1
0,0,0,0
1,1,1,1
1,1,1,1
0,0,0,0
1,1,1,1
1,1,1,1
0,0,0,0
0,0,0,0
0,0,0,0
0,0,0,0
1,1,1,1
0,0,0,0
1,1,1,1
0,0,0,0
1,1,1,1
1,1,1,1
0,0,0,0
1,1,1,1
1,1,1,1
1,1,0,1
1,1,1,1
0,0,0,0
0,0,0,0
0,0,0,0
0,0,0,0
0,0,0,0
0,0,0,0
1,1,1,1
1,1,1,1
0,0,0,0
1,1,1,1
0,0,0,0
0,0,0,0
0,0,0,0
0,0,0,0
0,0,0,0
0,0,0,0
0,0,0,0
0,0,0,0
1,1,1,1
1,1,1,1
1,1,1,1
0,0,0,0
0,0,0,0
0,0,1,0
0,0,0,0
0,0,0,0
0,0,0,0
1,1,1,1
0,0,1,0
1,1,1,1
0,0,0,0
1,1,1,1
1,1,1,1
0,0,0,0
1,1,1,1
1,1,1,1
0,0,0,0
1,1,1,1
1,1,1,1
0,0,1,0
1,1,1,1
0,0,0,0
1,1,1,1
1,1,1,1
0,0,1,0
0,0,0,0
0,0,0,0
0,0,0,0
1,1,1,1
0,0,1,0
1,1,1,1
1,1,1,1
1,1,1,1
0,0,0,0
1,1,1,1
1,1,1,1
1,1,1,1
1,1,1,1
0,0,1,0
0,0,0,0
1,1,1,1
1,1,1,1
1,1,1,1
1,1,1,1
1,1,1,1
0,0,0,0
0,1,1,1
0,0,1,0
1,1,1,1
0,0,0,0
0,0,0,0
0,0,0,0
0,0,0,0
1,1,1,1
1,1,0,1
1,1,1,1
1,1,1,1
1,1,0,1
1,1,1,1
0,0,0,0
1,1,1,1
1,1,0,1
0,0,0,0
1,1,1,1
0,0,0,0
1,1,1,1
1,1,1,1
1,1,1,1
0,0,1,0
0,0,0,0
0,0,0,0
0,0,0,0
0,0,1,0
0,0,0,0
0,0,0,0
1,1,1,1
1,1,1,1
1,1,1,1
1,1,1,1
0,0,1,0
1,1,1,1
0,0,0,0
0,0,0,0
0,0,0,0
1,1,1,1
1,1,0,1
0,0,1,0
1,1,1,1
1,1,1,1
0,0,0,0
1,1,1,1
0,0,0,0
1,1,1,1
0,0,0,0
0,0,0,0
0,0,0,0
1,1,0,1
0,0,0,0
1,1,1,1
1,1,0,1
0,0,0,0
0,0,1,0
0,0,0,0
1,1,1,1
0,0,0,0
1,1,1,1
0,0,1,0
1,1,1,1
0,0,0,0
0,0,0,0
0,0,0,0
1,1,0,1
1,1,1,1
0,0,0,0
1,1,1,1
0,0,0,0
0,0,0,0
0,0,0,0
0,0,0,0
0,0,1,0
0,0,0,0
1,1,1,1
1,1,1,1
0,0,0,0
1,1,1,1
0,0,0,0
0,0,0,0
0,0,1,0
0,0,0,0
1,1,1,1
1,1,1,1
1,1,1,1
1,1,1,1
0,0,0,0
0,0,0,0
1,1,1,1
0,0,0,0
0,0,0,0
1,1,1,1
0,0,0,0
0,0,1,0
1,1,0,1
1,1,1,1
1,1,1,1
0,0,0,0
1,1,1,1
1,1,1,1
1,1,1,1
0,0,0,0
1,1,1,1
1,1,1,1
0,0,0,0
1,1,1,1
0,0,0,0
0,0,0,0
0,0,0,0
1,1,1,1
1,1,1,1
0,0,0,0
0,0,0,0
1,1,1,1
1,1,1,1
0,0,0,0
1,1,1,1
1,1,1,1
0,0,1,0
1,1,1,1
0,0,1,0
1,1,1,1
1,1,1,1
0,0,0,0
1,1,0,1
0,0,0,0
1,1,1,1
1,1,1,1
1,1,1,1
0,0,0,0
1,1,1,1
0,0,0,0
1,1,1,1
1,1,1,1
1,1,1,1
0,0,0,0
1,1,0,1
0,0,0,0
0,0,0,0
0,0,1,0
0,0,0,0
0,0,0,0
0,0,0,0
0,0,0,0
0,0,0,0
0,0,0,0
1,1,1,1
1,1,1,1
0,0,0,0
0,0,0,0
0,0,0,0
1,1,0,1
1,1,1,1
0,0,0,0
0,0,0,0
0,0,0,0
0,0,0,0
0,0,0,0
1,1,1,1
0,0,1,0
1,1,1,1
1,1,1,1
1,1,1,1
0,0,1,0
0,0,0,0
0,0,0,0
0,0,0,0
1,1,1,1
0,0,1,0
1,1,1,1
0,0,0,0
0,0,0,0
0,0,0,0
1,1,1,1
0,0,0,0
1,1,1,1
1,1,0,1
1,1,1,1
1,1,1,1
1,1,1,1
1,1,0,1
1,1,1,1
0,0,1,0
1,1,1,1
0,0,0,0
0,0,0,0
1,1,1,1
1,1,1,1
1,1,1,1
0,0,1,0
0,0,0,0
1,1,1,1
1,1,1,1
1,1,1,1
0,0,0,0
1,1,1,1
0,0,0,0
1,1,1,1
1,1,1,1
0,0,0,0
1,1,1,1
0,0,0,0
1,1,1,1
1,1,1,1
1,1,1,1
0,0,1,0
1,1,1,1
0,0,1,0
1,1,1,1
1,1,1,1
0,0,0,0
1,1,1,1
1,1,0,1
0,0,1,0
0,0,0,0
0,0,0,0
0,0,0,0
1,1,1,1
1,1,1,1
1,1,1,1
0,0,0,0
1,1,1,1
1,1,1,1
0,0,1,0
0,0,0,0
0,0,0,0
0,0,0,0
1,1,1,1
1,1,1,1
1,1,0,1
1,1,1,1
0,0,0,0
0,0,0,0
1,1,1,1
1,1,1,1
1,1,1,1
1,1,1,1
0,0,0,0
0,0,0,0
1,1,0,1
0,0,0,0
0,0,0,0
0,0,0,0
1,1,0,1
0,0,0,0
1,1,0,1
0,0,0,0
0,0,0,0
1,1,1,1
0,0,0,0
1,1,1,1
0,0,0,0
0,0,0,0
1,1,1,1
1,1,1,1
0,0,0,0
1,1,1,1
1,1,1,1
0,0,0,0
1,1,1,1
1,1,1,1
0,0,0,0
1,1,1,1
1,1,1,1
1,1,1,1
0,0,0,0
1,1,1,1
0,0,0,0
1,1,1,1
0,0,0,0
0,0,1,0
0,0,0,0
1,1,0,1
0,0,1,0
0,0,0,0
0,0,0,0
0,0,0,0
1,1,0,1
1,1,1,1
1,1,1,1
1,1,1,1
0,0,1,0
1,1,1,1
0,0,1,0
1,1,1,1
0,0,0,0
0,0,0,0
1,1,1,1
1,1,1,1
0,0,0,0
1,1,1,1
1,1,1,1
1,1,1,1
1,1,1,1
0,0,0,0
0,0,0,0
0,0,0,0
0,0,0,0
1,1,1,1
0,0,0,0
1,1,1,1
0,0,0,0
1,1,1,1
0,0,0,0
0,0,0,0
0,0,0,0
1,1,1,1
0,0,1,0
0,0,0,0
0,0,0,0
0,0,1,1
1,1,0,1
0,0,0,0
1,1,1,1
0,0,1,0
1,1,1,1
1,1,1,1
0,0,0,0
0,0,0,0
0,0,0,0
1,1,1,1
0,0,0,0
1,1,1,1
0,0,0,0
0,0,0,0
1,1,1,1
0,0,0,0
1,1,1,1
1,1,1,1
0,0,0,0
1,1,1,1
1,1,1,1
0,0,0,0
0,0,0,0
0,0,0,0
0,0,0,0
0,0,0,0
1,1,1,1
1,1,1,1
1,1,1,1
1,1,1,1
1,1,1,1
0,0,0,0
1,1,1,1
1,1,1,1
0,0,0,0
1,1,1,1
0,0,1,1
0,0,1,0
1,1,1,1
0,0,0,0
0,0,1,0
1,1,1,1
0,0,0,0
1,1,0,1
1,1,1,1
0,0,0,0
0,0,0,0
1,1,1,1
0,0,0,0
1,1,1,1
0,0,0,0
0,0,0,0
0,0,0,0
1,1,1,1
1,1,1,1
0,0,0,0
0,0,0,0
1,1,1,1
0,0,0,0
0,0,0,0
0,0,1,0
0,0,0,0
0,0,1,0
0,0,0,0
0,0,0,0
1,1,1,1
1,1,0,1
1,1,1,1
1,1,1,1
1,1,1,1
0,0,0,0
1,1,1,1
0,0,1,0
0,0,0,0
1,1,0,1
0,0,0,0
1,1,1,1
0,0,0,0
0,0,0,0
1,1,0,1
1,1,1,1
0,0,0,0
0,0,0,0
0,0,0,0
1,1,0,1
0,0,0,0
0,0,0,0
0,0,0,0
0,0,0,0
1,1,1,1
0,0,0,0
0,0,0,0
1,1,1,1
0,0,0,0
0,0,1,0
0,0,0,0
0,0,0,0
0,0,0,0
1,1,1,1
1,1,1,1
0,0,0,0
0,0,0,0
1,1,0,1
0,0,0,0
1,1,0,1
1,1,1,1
0,0,0,0
0,0,0,0
1,1,1,1
0,0,0,0
1,1,0,1
0,0,0,0
0,0,0,0
1,1,1,1
0,0,0,0
0,0,0,0
1,1,1,1
1,1,1,1
0,0,0,0
0,0,0,0
0,0,0,0
0,0,0,0
1,1,1,1
1,1,1,1
0,0,0,0
1,1,1,1
0,0,0,0
0,0,0,0
0,0,0,0
1,1,1,1
1,1,1,1
1,1,1,1
1,1,1,1
1,1,1,1
1,1,0,1
0,0,0,0
1,1,0,1
0,0,0,0
1,1,1,1
1,1,1,1
0,0,1,0
1,1,1,1
1,1,1,1
1,1,1,1
1,1,1,1
1,1,1,1
1,1,1,1
0,0,0,0
0,0,0,0
0,0,0,0
1,1,1,1
1,1,1,1
1,1,1,1
0,0,0,0
1,1,1,1
0,0,0,0
1,1,1,1
0,0,0,0
1,1,1,1
0,0,0,0
1,1,1,1
0,0,0,0
0,0,0,0
0,0,0,0
1,1,1,1
0,0,0,0
1,1,1,1
1,1,1,1
0,0,0,0
0,0,1,0
1,1,1,1
0,0,0,0
0,0,0,0
1,1,1,1
1,1,1,1
0,0,1,0
0,0,0,0
0,0,0,0
1,1,1,1
0,0,0,0
0,0,0,0
0,0,0,0
0,0,1,0
0,0,0,0
1,1,1,1
1,1,1,1
1,1,1,1
1,1,1,1
1,1,1,1
1,1,1,1
0,0,1,0
1,1,1,1
0,0,0,0
0,0,0,0
0,0,1,0
0,0,0,0
0,0,0,0
0,0,1,0
0,0,0,0
1,1,0,1
0,0,0,0
1,1,1,1
1,1,1,1
0,0,0,0
1,1,1,1
0,0,0,0
1,1,1,1
1,1,0,1
0,0,0,0
0,0,0,0
1,1,1,1
1,1,1,1
1,1,1,1
0,0,1,0
0,0,0,0
0,0,0,0
1,1,1,1
0,0,0,0
1,1,1,1
0,0,0,0
1,1,1,1
1,1,1,1
1,1,1,1
0,0,0,0
0,0,1,0
1,1,1,1
1,1,1,1
1,1,1,1
1,1,1,1
0,0,0,0
0,0,0,0
0,0,0,0
1,1,1,1
0,0,0,0
1,1,1,1
1,1,1,1
0,0,0,0
1,1,1,1
1,1,1,1
0,0,0,0
0,0,0,0
1,1,1,1
0,0,1,1
0,0,0,0
1,1,1,1
1,1,1,1
0,0,1,0
0,0,0,0
0,0,0,0
0,0,0,0
1,1,1,1
1,1,1,1
1,1,1,1
0,0,0,0
1,1,1,1
0,0,0,0
0,0,0,0
0,0,0,0
0,0,0,0
0,0,1,0
0,0,0,0
1,1,1,1
0,0,1,0
0,0,0,0
0,0,0,0
1,1,1,1
0,0,0,0
1,1,1,1
1,1,1,1
0,0,0,0
1,1,1,1
0,0,0,0
0,0,0,0
1,1,1,1
0,0,0,0
1,1,0,1
1,1,0,1
0,0,0,0
1,1,1,1
0,0,0,0
0,0,0,0
1,1,1,1
1,1,1,1
0,0,0,0
1,1,1,1
0,0,0,0
0,0,0,0
1,1,0,1
1,1,0,1
0,0,0,0
0,0,0,0
1,1,0,1
0,0,0,0
0,0,0,0
1,1,1,1
0,0,0,0
0,0,1,0
0,0,0,0
1,1,1,1
0,0,0,0
0,0,0,0
1,1,1,1
1,1,1,1
1,1,1,1
1,1,1,1
1,1,1,1
1,1,1,1
1,1,1,1
1,1,1,1
0,0,0,0
0,0,1,0
1,1,1,1
1,1,0,1
0,0,0,0
0,0,0,0
0,0,0,0
0,0,0,0
1,1,0,1
1,1,1,1
1,1,1,1
1,1,1,1
0,0,0,0
1,1,1,1
1,1,1,1
1,1,1,1
1,1,1,1
1,1,1,1
0,0,0,0
1,1,1,1
1,1,1,1
1,1,0,1
0,0,0,0
0,0,1,0
1,1,1,1
0,0,0,0
1,1,1,1
0,0,0,0
0,0,0,0
0,0,0,0
0,0,0,0
1,1,1,1
0,0,0,0
0,0,0,0
0,0,0,0
1,1,1,1
0,0,0,0
1,1,1,1
1,1,1,1
1,1,1,1
0,0,1,0
1,1,0,1
0,0,1,0
0,0,0,0
1,1,1,1
1,1,1,1
1,1,1,1
1,1,1,1
0,0,0,0
1,1,1,1
1,1,1,1
1,1,1,1
1,1,1,1
0,0,0,0
1,1,1,1
1,1,1,1
1,1,1,1
1,1,1,1
1,1,1,1
0,0,0,0
1,1,1,1
0,0,0,0
0,0,1,0
0,0,1,0
1,1,1,1
1,1,1,1
1,1,1,1
0,0,0,0
1,1,1,1
0,0,0,0
1,1,1,1
0,0,0,0
1,1,1,1
0,0,0,0
0,0,0,0
0,0,0,0
0,0,0,0
0,0,0,0
1,1,1,1
1,1,0,1
1,1,1,1
1,1,1,1
1,1,1,1
0,0,1,0
1,1,0,1
1,1,1,1
0,0,0,0
0,0,0,0
0,0,0,0
1,1,1,1
0,0,1,0
0,0,0,0
1,1,1,1
1,1,1,1
1,1,1,1
0,0,0,0
0,0,0,0
0,0,0,0
1,1,1,1
0,0,0,0
0,0,0,0
0,0,0,0
1,1,1,1
1,1,1,1
0,0,0,0
0,0,0,0
0,0,0,0
0,0,1,0
0,0,0,0
1,1,1,1
1,1,1,1
1,1,1,1
1,1,0,1
0,0,0,0
1,1,1,1
1,1,0,1
0,0,1,0
0,0,0,0
1,1,1,1
1,1,1,1
1,1,0,1
1,1,0,1
0,0,1,0
1,1,1,1
1,1,1,1
0,0,0,0
1,1,1,1
1,1,1,1
0,0,0,0
0,0,0,0
1,1,1,1
1,1,1,1
1,1,0,1
0,0,0,0
1,1,1,1
1,1,1,1
0,0,0,0
1,1,1,1
1,1,1,1
1,1,0,1
1,1,1,1
1,1,0,1
0,0,1,0
1,1,1,1
1,1,1,1
1,1,1,1
0,0,0,0
0,0,0,0
0,0,0,0
1,1,1,1
1,1,0,1
1,1,0,1
0,0,0,0
0,0,0,0
0,0,0,0
0,0,0,0
0,0,0,0
0,0,0,0
1,1,1,1
1,1,1,1
0,0,0,0
0,0,0,0
1,1,1,1
0,0,0,0
0,0,0,0
1,1,1,1
1,1,1,1
1,1,1,1
1,1,1,1
0,0,0,0
0,0,0,0
0,0,0,0
0,0,0,0
0,0,0,0
1,1,1,1
1,1,1,1
0,0,1,0
1,1,1,1
0,0,0,0
1,1,1,1
1,1,1,1
0,0,0,0
0,0,0,0
0,0,0,0
0,0,0,0
1,1,1,1
1,1,1,1
0,0,0,0
1,1,1,1
1,1,1,1
0,0,0,0
0,0,0,0
1,1,1,1
0,0,0,0
0,0,0,0
0,0,0,0
1,1,1,1
0,0,0,0
0,0,0,0
1,1,0,1
1,1,1,1
1,1,1,1
1,1,1,1
1,1,1,1
1,1,0,1
1,1,1,1
1,1,1,1
1,1,1,1
1,1,1,1
1,1,1,1
1,1,1,1
0,0,1,0
0,0,0,0
1,1,1,1
0,0,0,0
1,1,1,1
1,1,0,1
0,0,0,0
0,0,0,0
0,0,0,0
1,1,1,1
0,0,0,0
0,0,0,0
1,1,1,1
1,1,1,1
0,0,0,0
0,0,0,0
1,1,1,1
0,0,0,0
1,1,1,1
0,0,0,0
0,0,1,0
0,0,1,0
0,0,0,0
1,1,1,1
0,0,0,0
0,0,0,0
1,1,1,1
0,0,1,0
1,1,1,1
1,1,1,1
0,0,0,0
1,1,0,1
0,0,0,0
0,0,0,0
0,0,0,0
0,0,1,0
0,0,0,0
1,1,1,1
0,0,0,0
0,0,0,0
0,0,0,0
1,1,1,1
1,1,1,1
0,0,1,0
1,1,1,1
1,1,1,1
1,1,0,1
1,1,1,1
0,0,1,0
0,0,0,0
0,0,0,0
1,1,0,1
0,0,1,0
1,1,1,1
1,1,1,1
0,0,0,0
0,0,0,0
0,0,0,0
1,1,1,1
1,1,1,1
0,0,1,0
1,1,1,1
0,0,0,0
0,0,0,0
1,1,1,1
1,1,1,1
0,0,1,0
1,1,1,1
1,1,1,1
0,0,0,0
1,1,1,1
0,0,0,0
1,1,1,1
1,1,1,1
1,1,1,1
0,0,0,0
1,1,1,1
1,1,1,1
1,1,1,1
0,0,0,0
0,0,0,0
0,0,0,0
1,1,1,1
0,0,0,0
0,0,0,0
1,1,1,1
1,1,1,1
0,0,1,0
0,0,0,0
0,0,0,0
0,0,0,0
1,1,1,1
1,1,1,1
0,0,0,0
1,1,1,1
1,1,1,1
1,1,1,1
0,0,0,0
1,1,1,1
1,1,1,1
1,1,1,1
0,0,0,0
1,1,1,1
0,0,0,0
0,0,0,0
1,1,1,1
0,0,0,0
0,0,0,0
1,1,1,1
1,1,1,1
1,1,1,1
0,0,1,0
0,0,0,0
0,0,0,0
0,0,0,0
1,1,1,1
0,0,0,0
1,1,1,1
1,1,1,1
1,1,1,1
1,1,1,1
1,1,1,1
1,1,1,1
0,0,0,0
0,0,1,0
1,1,1,1
0,0,0,0
0,0,0,0
0,0,1,0
1,1,1,1
1,1,1,1
1,1,1,1
0,0,0,0
1,1,1,1
0,0,0,0
1,1,1,1
1,1,1,1
1,1,1,1
1,1,1,1
1,1,1,1
1,1,1,1
0,0,0,0
1,1,1,1
0,0,0,0
1,1,1,1
0,0,0,0
1,1,1,1
1,1,1,1
1,1,1,1
0,0,0,0
1,1,1,1
0,0,0,0
0,0,0,0
0,0,0,0
0,0,1,0
0,0,0,0
0,0,0,0
1,1,1,1
0,0,1,0
1,1,1,1
1,1,1,1
1,1,1,1
0,0,0,0
1,1,1,1
1,1,1,1
0,0,0,0
0,0,0,0
1,1,1,1
1,1,1,1
1,1,1,1
0,0,0,0
1,1,1,1
1,1,1,1
1,1,1,1
0,0,1,0
0,0,0,0
0,0,0,0
0,0,0,0
1,1,0,1
1,1,1,1
0,0,0,0
0,0,0,0
0,0,0,0
0,0,0,0
1,1,0,1
1,1,1,1
0,0,1,0
0,0,0,0
1,1,1,1
0,0,0,0
1,1,1,1
1,1,1,1
1,1,1,1
0,0,0,0
0,0,0,0
1,1,0,1
1,1,1,1
0,0,0,0
0,0,0,0
0,0,0,0
0,0,1,0
0,0,0,0
0,0,0,0
1,1,1,1
1,1,1,1
0,0,0,0
0,0,0,0
0,0,0,0
0,0,0,0
0,0,0,0
0,0,1,0
0,0,0,0
0,0,0,0
0,0,0,0
0,0,0,0
0,0,0,0
0,0,0,0
0,0,1,0
0,0,0,0
1,1,1,1
1,1,1,1
0,0,0,0
0,0,0,0
1,1,1,1
1,1,1,1
1,1,1,1
1,1,1,1
1,1,1,1
0,0,0,0
0,0,0,0
1,1,1,1
1,1,0,1
1,1,1,1
1,1,1,1
1,1,1,1
0,0,1,0
1,1,1,1
0,0,0,0
1,1,1,1
1,1,1,1
0,0,0,0
1,1,1,1
0,0,0,0
1,1,1,1
0,0,0,0
1,1,1,1
1,1,1,1
0,0,0,0
1,1,1,1
0,0,0,0
0,0,0,0
1,1,0,1
0,0,0,0
1,1,1,1
0,0,0,0
0,0,0,0
1,1,1,1
1,1,1,1
0,0,0,0
1,1,1,1
1,1,1,1
0,0,0,0
1,1,1,1
1,1,1,1
1,1,1,1
0,0,0,0
1,1,1,1
1,1,1,1
0,0,1,0
1,1,1,1
1,1,0,1
0,0,0,0
1,1,1,1
0,0,1,0
1,1,1,1
1,1,1,1
1,1,1,1
1,1,1,1
1,1,1,1
1,1,1,1
1,1,0,1
1,1,1,1
1,1,1,1
0,0,0,0
0,0,0,0
1,1,1,1
1,1,1,1
1,1,1,1
0,0,0,0
0,0,0,0
1,1,1,1
1,1,1,1
0,0,0,0
1,1,1,1
1,1,1,1
0,0,0,0
0,0,0,0
0,0,0,0
0,0,0,0
1,1,1,1
0,0,0,0
1,1,1,1
0,0,0,0
1,1,1,1
0,0,0,0
0,0,0,0
0,0,0,0
0,0,0,0
1,1,1,1
1,1,0,1
0,0,0,0
1,1,1,1
1,1,1,1
1,1,1,1
0,0,0,0
0,0,0,0
1,1,1,1
0,0,0,0
0,0,1,0
0,0,1,0
1,1,0,1
0,0,0,0
1,1,1,1
1,1,1,1
0,0,0,0
1,1,1,1
0,0,1,0
0,0,0,0
0,0,1,0
0,0,0,0
1,1,1,1
1,1,1,1
0,0,0,0
1,1,1,1
0,0,0,0
0,0,0,0
1,1,1,1
1,1,1,1
0,0,0,0
0,0,0,0
0,0,0,0
0,0,0,0
1,1,1,1
1,1,1,1
0,0,0,0
0,0,0,0
1,1,1,1
1,1,1,1
0,0,0,0
0,0,0,0
0,0,0,0
0,0,0,0
1,1,1,1
1,1,1,1
1,1,1,1
0,0,0,0
0,0,1,0
1,1,1,1
0,0,1,0
0,0,0,0
1,1,1,1
0,0,0,0
0,0,0,0
0,0,0,0
0,0,0,0
1,1,1,1
1,1,1,1
1,1,1,1
1,1,1,1
1,1,1,1
1,1,1,1
0,0,0,0
1,1,0,1
1,1,0,1
1,1,1,1
0,0,0,0
0,0,0,0
1,1,0,1
0,0,0,0
0,0,0,0
0,0,0,0
0,0,0,0
0,0,0,0
0,0,0,0
0,0,1,0
1,1,1,1
0,0,0,0
1,1,1,1
1,1,1,1
1,1,1,1
0,0,0,0
1,1,1,1
1,1,1,1
0,0,0,0
0,0,0,0
1,1,1,1
1,1,1,1
0,0,0,0
0,0,0,0
0,0,0,0
0,0,0,0
0,0,0,0
0,0,1,0
1,1,1,1
1,1,1,1
0,0,1,0
1,1,1,1
0,0,0,0
1,1,0,1
1,1,0,1
0,0,0,0
0,0,0,0
1,1,0,1
0,0,0,0
1,1,1,1
1,1,0,1
0,0,0,0
1,1,1,1
1,1,1,1
0,0,0,0
1,1,1,1
1,1,1,1
0,0,0,0
0,0,0,0
0,0,0,0
0,0,0,0
0,0,0,0
1,1,1,1
1,1,1,1
0,0,1,0
1,1,1,1
0,0,0,0
0,0,0,0
0,0,0,0
1,1,1,1
1,1,1,1
0,0,0,0
0,0,0,0
0,0,0,0
0,0,0,0
1,1,1,1
0,0,1,0
1,1,1,1
1,1,1,1
0,0,0,0
1,1,1,1
0,0,0,0
1,1,1,1
0,0,0,0
1,1,1,1
0,0,0,0
1,1,1,1
1,1,1,1
0,0,0,0
0,0,0,0
0,0,1,0
1,1,1,1
0,0,0,0
1,1,1,1
0,0,0,0
0,0,0,0
1,1,0,1
0,0,0,0
1,1,1,1
1,1,1,1
1,1,1,1
0,0,0,0
0,0,1,0
1,1,1,1
1,1,1,1
0,0,0,0
0,0,0,0
1,1,1,1
0,0,1,0
0,0,0,0
0,0,1,0
0,0,0,0
1,1,1,1
0,0,0,0
1,1,1,1
0,0,0,0
1,1,1,1
1,1,1,1
0,0,1,0
1,1,1,1
1,1,1,1
1,1,1,1
1,1,1,1
1,1,1,1
0,0,1,0
0,0,0,0
0,0,0,0
1,1,1,1
1,1,1,1
1,1,0,1
0,0,0,0
1,1,1,1
1,1,1,1
1,1,1,1
1,1,1,1
1,1,1,1
1,1,1,1
1,1,0,1
0,0,1,0
1,1,1,1
1,1,1,1
0,0,0,0
0,0,0,0
0,0,0,0
1,1,1,1
0,0,0,0
1,1,1,1
1,1,1,1
1,1,1,1
1,1,1,1
1,1,1,1
1,1,1,1
1,1,1,1
0,0,0,0
0,0,0,0
0,0,0,0
1,1,1,1
0,0,0,0
1,1,0,1
1,1,1,1
0,0,0,0
0,0,0,0
0,0,0,0
1,1,1,1
0,0,0,0
1,1,0,1
0,0,0,0
0,0,0,0
1,1,1,1
0,0,0,0
1,1,1,1
0,0,0,0
0,0,0,0
0,0,0,0
1,1,1,1
1,1,1,1
0,0,0,0
1,1,1,1
1,1,1,1
0,0,1,0
0,0,0,0
1,1,1,1
1,1,1,1
0,0,1,0
1,1,1,1
1,1,1,1
1,1,1,1
1,1,1,1
0,0,0,0
1,1,1,1
1,1,1,1
0,0,0,0
0,0,0,0
0,0,1,0
0,0,0,0
0,0,1,0
1,1,1,1
0,0,0,0
1,1,1,1
0,0,0,0
0,0,0,0
1,1,1,1
1,1,1,1
1,1,1,1
0,0,0,0
1,1,1,1
1,1,1,1
0,0,0,0
1,1,0,1
0,0,0,0
0,0,0,0
0,0,0,0
0,0,0,0
1,1,1,1
1,1,1,1
1,1,1,1
0,0,0,0
0,0,1,0
1,1,1,1
1,1,1,1
1,1,1,1
1,1,1,1
0,0,0,0
1,1,1,1
1,1,0,1
0,0,0,0
0,0,0,0
0,0,0,0
1,1,1,1
1,1,0,1
0,0,0,0
1,1,0,1
1,1,1,1
0,0,0,0
0,0,0,0
1,1,1,1
0,0,0,0
1,1,1,1
0,0,0,0
1,1,1,1
1,1,1,1
1,1,1,1
1,1,1,1
1,1,1,1
1,1,0,1
1,1,1,1
1,1,1,1
0,0,0,0
0,0,0,0
1,1,1,1
1,1,1,1
0,0,0,0
0,0,0,0
0,0,1,0
0,0,0,0
1,1,1,1
1,1,1,1
1,1,1,1
0,0,1,0
0,0,0,0
0,0,0,0
1,1,1,1
0,0,0,0
0,0,0,0
1,1,1,1
0,0,0,0
1,1,1,1
0,0,0,0
1,1,0,1
1,1,1,1
0,0,0,0
0,0,0,0
1,1,1,1
1,1,1,1
1,1,1,1
1,1,1,1
0,0,0,0
1,1,1,1
1,1,1,1
1,1,0,1
0,0,1,0
1,1,1,1
1,1,1,1
1,1,1,1
0,0,0,0
1,1,1,1
0,0,0,0
0,0,0,0
0,0,0,0
0,0,0,0
0,0,0,0
0,0,0,0
1,1,1,1
1,1,1,1
1,1,1,1
1,1,1,1
1,1,1,1
0,0,0,0
1,1,0,1
0,0,0,0
0,0,0,0
0,0,0,0
1,1,1,1
0,0,0,0
1,1,1,1
0,0,0,0
1,1,1,1
1,1,1,1
0,0,0,0
0,0,0,0
0,0,1,0
0,0,0,0
1,1,1,1
0,0,0,0
1,1,1,1
0,0,0,0
0,0,0,0
1,1,1,1
0,0,0,0
0,0,0,0
1,1,1,1
0,0,0,0
0,0,0,0
0,0,1,0
0,0,0,0
1,1,1,1
0,0,0,0
0,0,0,0
1,1,1,1
0,0,1,0
1,1,1,1
1,1,1,1
1,1,1,1
1,1,1,1
1,1,1,1
0,0,0,0
0,0,0,0
0,0,0,0
1,1,1,1
0,0,0,0
1,1,1,1
1,1,1,1
0,0,1,0
1,1,1,1
0,0,0,0
1,1,1,1
1,1,1,1
1,1,0,1
1,1,1,1
0,0,0,0
1,1,1,1
0,0,0,0
1,1,1,1
1,1,1,1
0,0,0,0
0,0,1,0
0,0,0,0
1,1,1,1
1,1,1,1
1,1,1,1
1,1,1,1
1,1,1,1
1,1,1,1
0,0,0,0
0,0,0,0
0,0,1,0
1,1,1,1
0,0,0,0
0,0,0,0
0,0,0,0
0,0,0,0
1,1,0,1
1,1,1,1
1,1,1,1
0,0,0,0
0,0,0,0
1,1,1,1
1,1,1,1
0,0,1,0
0,0,0,0
1,1,1,1
1,1,1,1
0,0,0,0
0,0,0,0
1,1,1,1
1,1,0,1
1,1,0,1
0,0,0,0
0,0,0,0
0,0,1,0
0,0,0,0
0,0,1,0
1,1,1,1
1,1,1,1
0,0,0,0
0,0,1,0
0,0,0,0
0,0,0,0
0,0,0,0
1,1,1,1
0,0,0,0
1,1,0,1
1,1,1,1
0,0,0,0
1,1,1,1
1,1,0,1
0,0,1,0
1,1,1,1
1,1,1,1
0,0,0,0
0,0,0,0
0,0,0,0
0,0,0,0
0,0,0,0
0,0,0,0
1,1,1,1
1,1,1,1
1,1,0,1
0,1,1,1
0,0,0,0
1,1,1,1
0,0,0,0
0,0,0,0
1,1,1,1
0,0,0,0
0,0,0,0
0,0,1,0
0,0,0,0
1,1,1,1
0,0,0,0
0,0,0,0
1,1,1,1
0,0,0,0
1,1,1,1
0,0,1,0
1,1,1,1
0,0,0,0
1,1,1,1
1,1,1,1
1,1,1,1
1,1,1,1
0,0,0,0
1,1,1,1
1,1,1,1
1,1,1,1
1,1,1,1
0,0,1,0
1,1,0,1
0,0,1,0
0,0,0,0
0,0,1,0
0,0,1,0
1,1,1,1
0,0,1,0
0,0,0,0
0,0,0,0
1,1,1,1
1,1,1,1
1,1,1,1
0,0,0,0
1,1,1,1
1,1,1,1
0,0,1,0
0,0,0,0
1,1,1,1
0,0,0,0
0,0,1,0
0,0,0,0
1,1,1,1
1,1,1,1
1,1,0,1
0,0,0,0
1,1,1,1
0,0,0,0
0,0,0,0
1,1,1,1
0,0,0,0
0,0,0,0
0,0,0,0
0,0,0,0
0,0,0,0
1,1,0,1
1,1,1,1
1,1,1,1
1,1,1,1
0,0,0,0
0,0,0,0
1,1,1,1
0,0,0,0
1,1,1,1
1,1,1,1
0,0,0,0
1,1,1,1
0,0,0,0
1,1,1,1
0,0,0,0
0,0,0,0
0,0,0,0
0,0,0,0
0,0,1,0
0,0,0,0
1,1,1,1
0,0,0,0
0,0,0,0
1,1,1,1
1,1,1,1
1,1,1,1
0,0,0,0
1,1,1,1
1,1,1,1
1,1,1,1
0,0,0,0
1,1,0,1
0,0,0,0
0,0,0,0
0,0,0,0
0,0,1,0
1,1,1,1
0,0,0,0
0,0,0,0
0,0,0,0
1,1,1,1
1,1,1,1
1,1,1,1
0,0,0,0
1,1,1,1
0,0,0,0
0,0,0,0
1,1,1,1
0,0,1,0
0,0,0,0
0,0,0,0
1,1,1,1
0,0,0,0
0,0,0,0
1,1,1,1
0,0,0,0
0,0,0,0
1,1,1,1
1,1,1,1
0,0,0,0
0,0,0,0
0,0,0,0
0,0,0,0
0,0,1,0
0,0,0,0
1,1,1,1
0,0,0,0
0,0,0,0
1,1,1,1
0,0,0,0
1,1,1,1
0,0,0,0
0,0,0,0
1,1,1,1
0,0,1,0
1,1,1,1
0,0,0,0
0,0,0,0
0,0,0,0
0,0,0,0
1,1,1,1
0,0,1,0
0,0,0,0
0,0,0,0
0,0,1,0
1,1,1,1
0,0,0,0
0,0,0,0
0,0,0,0
0,0,1,0
0,0,0,0
1,1,1,1
1,1,1,1
0,0,0,0
0,0,0,0
0,0,1,0
1,1,1,1
0,0,0,0
1,1,1,1
1,1,1,1
1,1,0,1
0,0,0,0
1,1,1,1
1,1,1,1
1,1,1,1
1,1,1,1
1,1,1,1
1,1,1,1
1,1,1,1
1,1,1,1
1,1,1,1
0,0,1,0
0,0,0,0
0,0,0,0
0,0,0,0
0,0,0,0
1,1,1,1
0,0,0,0
1,1,1,1
0,0,0,0
0,0,0,0
0,0,0,0
0,0,1,0
0,0,0,0
1,1,1,1
0,0,0,0
1,1,1,1
0,0,0,0
0,0,0,0
1,1,1,1
0,0,0,0
1,1,1,1
1,1,1,1
0,0,0,0
0,0,0,0
0,0,1,0
1,1,1,1
1,1,1,1
1,1,1,1
0,0,1,0
1,1,1,1
1,1,1,1
0,0,0,0
1,1,1,1
1,1,1,1
1,1,1,1
0,0,0,0
1,1,1,1
0,0,0,0
0,0,0,0
1,1,1,1
0,0,1,0
0,0,0,0
1,1,1,1
0,0,0,0
0,0,0,0
1,1,1,1
1,1,1,1
1,1,1,1
1,1,0,1
0,0,0,0
1,1,1,1
1,1,1,1
0,0,0,0
1,1,0,1
0,0,0,0
0,0,1,0
1,1,1,1
0,0,0,0
1,1,1,1
1,1,1,1
0,0,0,0
0,0,0,0
0,0,0,0
0,0,0,0
0,0,0,0
1,1,1,1
1,1,1,1
0,0,1,0
0,0,0,0
1,1,1,1
1,1,1,1
1,1,0,1
1,1,1,1
0,0,0,0
0,0,0,0
1,1,1,1
0,0,0,0
0,0,0,0
0,0,0,0
1,1,1,1
1,1,1,1
1,1,1,1
0,0,0,0
1,1,1,1
1,1,1,1
0,0,0,0
0,0,0,0
0,0,0,0
1,1,0,1
0,0,1,0
1,1,1,1
1,1,1,1
0,0,0,0
1,1,1,1
1,1,1,1
1,1,0,1
0,0,0,0
0,0,0,0
1,1,1,1
0,0,0,0
1,1,1,1
1,1,1,1
0,0,0,0
0,0,0,0
1,1,1,1
0,0,0,0
0,0,0,0
0,0,0,0
1,1,0,1
0,0,0,0
0,0,0,0
0,0,0,0
0,0,0,0
1,1,0,1
1,1,1,1
1,1,1,1
0,0,1,0
1,1,0,1
0,0,0,0
0,0,0,0
0,0,0,0
0,0,0,0
0,0,0,0
0,0,1,0
1,1,1,1
1,1,1,1
0,0,0,0
0,0,0,0
1,1,1,1
1,1,1,1
1,1,1,1
1,1,1,1
1,1,1,1
0,0,0,0
0,0,0,0
1,1,1,1
0,0,1,0
1,1,1,1
0,0,0,0
1,1,1,1
0,0,0,0
1,1,1,1
1,1,1,1
0,0,0,0
1,1,1,1
0,0,0,0
0,0,0,0
1,1,1,1
0,0,0,0
1,1,1,1
1,1,1,1
0,0,0,0
0,0,0,0
1,1,1,1
0,0,0,0
1,1,1,1
0,0,0,0
0,0,0,0
0,0,0,0
0,0,0,0
1,1,1,1
1,1,1,1
0,0,0,0
1,1,1,1
1,1,1,1
1,1,1,1
1,1,1,1
0,0,0,0
1,1,1,1
0,0,0,0
0,0,0,0
0,0,0,0
1,1,1,1
1,1,1,1
0,0,0,0
1,1,1,1
1,1,1,1
0,0,0,0
1,1,1,1
1,1,1,1
1,1,1,1
1,1,1,1
1,1,1,1
1,1,1,1
1,1,1,1
1,1,1,1
0,0,0,0
1,1,1,1
1,1,1,1
1,1,0,1
1,1,1,1
1,1,1,1
1,1,1,1
0,0,0,0
0,0,0,0
1,1,1,1
0,0,0,0
0,0,0,0
0,0,0,0
0,0,0,0
1,1,1,1
0,0,0,0
1,1,1,1
1,1,1,1
0,0,0,0
1,1,1,1
0,0,1,0
0,0,0,0
1,1,1,1
1,1,1,1
0,0,0,0
0,0,0,0
0,0,0,0
1,1,1,1
0,0,0,0
1,1,1,1
0,0,0,0
1,1,0,1
0,0,0,0
0,0,0,0
0,0,0,0
1,1,1,1
1,1,1,1
1,1,1,1
0,0,0,0
0,0,0,0
0,0,0,0
0,0,0,0
1,1,1,1
0,0,1,0
1,1,1,1
1,1,1,1
1,1,0,1
0,0,0,0
1,1,1,1
1,1,0,1
1,1,1,1
1,1,1,1
1,1,1,1
0,0,1,0
1,1,1,1
0,0,0,0
0,0,0,0
0,0,0,0
0,0,1,0
1,1,1,1
1,1,1,1
0,0,0,0
0,0,0,0
0,0,0,0
0,0,1,0
0,0,0,0
0,0,0,0
0,0,0,0
0,0,0,0
1,1,1,1
0,0,0,0
0,0,0,0
1,1,1,1
1,1,1,1
0,0,1,0
1,1,1,1
0,0,0,0
0,0,0,0
1,1,1,1
0,0,0,0
1,1,1,1
1,1,1,1
1,1,1,1
1,1,1,1
1,1,1,1
0,0,0,0
0,0,1,0
0,0,1,0
0,0,1,0
1,1,1,1
0,0,0,0
0,0,0,0
0,0,0,0
1,1,1,1
1,1,1,1
0,0,0,0
0,0,0,0
0,0,1,0
0,0,0,0
0,0,0,0
1,1,1,1
1,1,1,1
1,1,1,1
0,0,0,0
0,0,0,0
0,0,0,0
1,1,1,1
0,0,0,0
0,0,0,0
0,0,0,0
0,0,0,0
0,0,0,0
1,1,1,1
1,1,1,1
1,1,1,1
1,1,1,1
0,0,0,0
0,0,0,0
1,1,1,1
0,0,1,0
1,1,1,1
0,0,0,0
1,1,1,1
1,1,1,1
1,1,1,1
0,0,0,0
0,0,0,0
0,0,0,0
0,0,0,0
0,0,0,0
1,1,1,1
0,0,0,0
0,0,0,0
1,1,1,1
1,1,1,1
0,0,0,0
0,0,0,0
0,0,0,0
1,1,1,1
1,1,1,1
0,0,0,0
1,1,1,1
1,1,1,1
0,0,0,0
1,1,1,1
0,0,1,0
0,0,1,0
1,1,1,1
1,1,1,1
1,1,1,1
0,0,0,0
1,1,1,1
1,1,1,1
0,0,0,0
0,0,0,0
0,0,0,1
0,0,0,0
1,1,1,1
1,1,0,1
0,0,1,0
1,1,1,1
0,0,0,0
0,0,0,0
0,0,0,0
1,1,1,1
0,0,0,0
1,1,1,1
1,1,1,1
1,1,1,1
1,1,0,1
0,0,0,0
1,1,1,1
0,0,0,0
1,1,1,1
0,0,0,0
0,0,0,0
1,1,1,1
0,0,1,0
0,0,0,0
1,1,0,1
1,1,1,1
1,1,1,1
1,1,1,1
1,1,0,1
0,0,1,0
1,1,0,1
0,0,0,0
1,1,1,1
0,0,0,0
1,1,1,1
0,0,0,0
1,1,0,1
1,1,1,1
1,1,0,1
1,1,1,1
0,0,1,0
1,1,1,1
0,0,0,0
1,1,1,1
1,1,1,1
1,1,1,1
1,1,1,1
0,0,0,0
0,0,0,0
0,0,0,0
1,1,1,1
1,1,1,1
1,1,1,1
0,0,1,0
0,0,1,0
0,0,0,0
0,0,0,0
1,1,1,1
0,0,0,0
1,1,1,1
1,1,1,1
1,1,1,1
1,1,1,1
0,0,0,0
1,1,1,1
0,0,0,0
0,0,1,0
1,1,1,1
0,0,0,0
1,1,1,1
0,0,1,0
1,1,1,1
0,0,0,0
1,1,1,1
0,0,0,0
1,1,1,1
0,0,0,0
0,0,1,0
1,1,1,1
1,1,1,1
0,0,0,0
0,0,0,0
0,0,0,0
1,1,1,1
1,1,1,1
0,0,0,0
0,0,0,0
1,1,1,1
1,1,1,1
0,0,0,0
0,0,0,0
0,0,1,0
0,0,0,0
0,0,0,0
1,1,1,1
0,0,0,0
0,0,1,0
1,1,1,1
1,1,1,1
0,0,1,0
1,0,0,0
0,0,0,0
0,0,0,0
1,1,1,1
0,0,0,0
0,0,0,0
0,0,0,0
1,1,1,1
1,1,1,1
1,1,1,1
1,1,1,1
1,1,1,1
1,1,1,1
1,1,1,1
0,0,0,0
1,1,1,1
1,1,1,1
0,0,1,0
0,0,0,0
1,1,1,1
0,0,0,0
1,1,1,1
1,1,1,1
1,1,1,1
0,0,0,0
0,0,0,0
1,1,1,1
0,0,0,0
0,0,0,0
1,1,1,1
0,0,0,0
1,1,1,1
1,1,1,1
0,0,0,0
1,1,1,1
1,1,1,1
1,1,1,1
0,0,0,0
1,1,1,1
0,0,1,0
0,0,0,0
0,0,0,0
0,0,0,0
1,1,1,1
0,0,1,0
1,1,1,1
0,0,0,0
0,0,0,0
1,1,0,1
0,0,0,0
1,1,1,1
1,1,1,1
1,1,1,1
1,1,1,1
1,1,1,1
0,0,0,0
1,1,1,1
1,1,1,1
1,1,1,1
0,0,0,0
1,1,1,1
1,1,1,1
1,1,1,1
1,1,1,1
0,0,0,0
0,0,0,0
1,1,1,1
0,0,0,0
0,0,0,0
1,1,1,1
1,1,1,1
1,1,1,1
1,1,1,1
0,0,0,0
0,0,0,0
0,0,0,0
1,1,1,1
1,1,1,1
1,1,0,1
1,1,1,1
0,0,0,0
0,0,0,0
1,1,1,1
0,0,0,0
1,1,1,1
0,0,0,0
1,1,1,1
0,0,0,0
1,1,1,1
0,0,0,0
0,0,0,0
1,1,0,1
1,1,1,1
1,1,1,1
1,1,1,1
1,1,1,1
1,1,0,1
1,1,1,1
1,1,1,1
0,0,0,0
1,1,1,1
0,0,1,0
0,0,0,0
1,1,1,1
1,1,1,1
1,1,0,1
0,0,0,0
1,1,0,1
1,1,1,1
1,1,1,1
0,0,0,0
1,1,1,1
1,1,1,1
1,1,1,1
1,1,1,1
0,0,0,0
1,1,1,1
0,0,0,0
0,0,1,0
0,0,0,0
1,1,1,1
1,1,1,1
0,0,0,0
0,0,0,0
1,1,1,1
1,1,1,1
0,0,0,0
0,0,0,0
1,1,0,1
1,1,1,1
0,0,0,0
1,1,1,1
1,1,1,1
0,0,1,0
0,0,0,0
1,1,1,1
1,1,1,1
0,0,0,0
1,1,1,1
1,1,1,1
0,0,0,0
0,0,1,0
0,0,0,0
0,0,0,0
1,1,1,1
1,1,1,1
1,1,1,1
1,1,1,1
0,0,0,0
1,1,1,1
1,1,1,1
1,1,1,1
1,1,1,1
0,0,0,0
1,1,1,1
0,0,0,0
1,1,1,1
1,1,1,1
1,1,1,1
1,1,0,1
0,0,0,0
1,1,1,1
1,1,1,1
1,1,1,1
1,1,0,1
0,0,0,0
0,0,1,0
0,0,0,0
1,1,1,1
0,0,0,0
0,0,0,0
0,0,1,0
0,0,1,0
0,0,0,0
0,0,0,0
0,0,0,0
1,1,1,1
0,0,0,0
1,1,1,1
1,1,1,1
1,1,1,1
0,0,0,0
1,1,0,1
1,1,1,1
0,0,0,0
0,0,0,0
1,1,1,1
1,1,1,1
0,0,0,0
0,0,1,0
0,0,0,0
0,0,0,0
0,0,0,0
0,0,0,0
1,1,1,1
1,1,1,1
0,0,0,0
1,1,1,1
1,1,1,1
0,0,0,0
0,0,0,0
1,1,1,1
0,0,0,0
0,0,1,0
0,0,0,0
1,1,1,1
0,0,0,0
1,1,1,1
1,1,1,1
0,0,0,0
1,1,1,1
1,1,1,1
1,1,1,1
0,0,0,0
0,0,0,0
1,1,1,1
1,1,1,1
0,0,0,0
0,0,0,0
1,1,1,1
0,0,0,0
1,1,1,1
1,1,1,1
0,0,0,0
0,0,0,0
0,0,0,0
1,1,1,1
0,0,1,0
1,1,1,1
1,1,1,1
1,1,1,1
0,0,0,0
0,0,1,0
0,0,0,0
0,0,0,0
0,0,0,0
1,1,1,1
0,0,0,0
0,0,0,0
1,1,1,1
0,0,1,0
1,1,1,1
1,1,1,1
0,0,0,0
0,0,0,0
1,1,1,1
1,1,1,1
1,1,1,1
1,1,1,1
1,1,1,1
1,1,1,1
0,0,0,0
0,0,0,0
0,0,0,0
0,0,0,0
1,1,1,1
0,0,0,0
0,0,0,0
0,0,0,0
1,1,1,1
1,1,1,1
1,1,1,1
0,0,0,0
1,1,1,1
1,1,1,1
1,1,1,1
0,0,0,0
1,1,1,1
1,1,0,1
1,1,1,1
0,0,0,0
0,0,0,0
1,1,1,1
0,0,0,0
1,1,1,1
0,0,0,0
0,0,0,0
0,0,0,0
0,0,1,0
0,0,0,0
1,1,1,1
0,0,0,0
1,1,1,1
0,0,1,0
0,0,0,0
1,1,1,1
0,0,0,0
0,0,0,0
1,1,1,1
1,1,0,1
1,1,1,1
0,0,0,0
0,0,0,0
1,1,1,1
1,1,1,1
1,1,0,1
1,1,1,1
1,1,0,1
0,0,0,0
0,0,0,0
0,0,0,0
1,1,1,1
0,0,0,0
0,0,0,0
1,1,1,1
0,0,0,0
1,1,1,1
0,0,0,0
0,0,0,0
1,1,1,1
0,0,0,0
1,1,1,1
1,1,1,1
0,0,0,0
1,1,1,1
0,0,0,0
0,0,1,1
1,1,1,1
1,1,0,1
1,1,1,1
1,1,1,1
1,1,1,1
1,1,1,1
0,0,0,0
0,0,0,0
1,1,1,1
0,0,0,0
0,0,1,0
0,0,1,0
0,0,0,0
0,0,0,0
1,1,0,1
1,1,1,1
0,0,1,0
0,0,0,0
0,0,0,0
0,0,0,0
1,1,1,1
0,0,0,0
1,1,1,1
0,0,1,0
0,0,0,0
0,0,0,0
0,0,0,0
1,1,1,1
1,1,1,1
0,0,0,0
1,1,1,1
1,1,1,1
1,1,1,1
0,0,0,0
0,0,0,0
1,1,0,1
0,0,0,0
1,1,1,1
1,1,1,1
1,1,1,1
1,1,1,1
0,0,0,0
1,1,1,1
1,1,1,1
0,0,0,0
0,0,0,0
0,0,0,0
0,0,0,0
0,0,0,0
1,1,1,1
1,1,1,1
1,1,0,1
0,0,0,0
1,1,1,1
1,1,1,1
1,1,1,1
0,0,1,0
0,0,0,0
0,0,0,0
0,0,1,0
0,0,0,0
0,0,0,0
0,0,0,0
0,0,0,0
0,0,0,0
0,0,1,0
1,1,1,1
0,0,1,0
1,1,1,1
0,0,0,0
1,1,1,1
1,1,1,1
0,0,0,0
1,1,1,1
0,0,0,0
0,0,0,0
0,0,0,0
1,1,1,1
0,0,0,0
1,1,1,1
0,0,0,0
0,0,1,0
1,1,1,1
1,1,1,1
1,1,1,1
1,1,1,1
0,0,0,0
0,0,1,0
0,0,0,0
1,1,1,1
0,0,0,0
0,0,0,0
1,1,0,1
0,0,0,0
1,1,1,1
1,1,1,1
0,0,1,0
1,1,1,1
0,0,0,0
1,1,1,1
1,1,1,1
0,0,0,0
1,1,1,1
1,1,1,1
0,0,0,0
1,1,1,1
1,1,1,1
0,0,0,0
1,1,0,1
0,0,0,0
1,1,1,1
0,0,0,0
1,1,1,1
0,0,1,0
1,1,1,1
1,1,1,1
0,0,0,0
0,0,0,0
1,1,1,1
1,1,1,1
1,1,1,1
0,0,0,0
1,1,1,1
0,0,0,0
0,0,0,0
0,0,0,0
1,1,1,1
1,1,1,1
0,0,0,0
0,0,0,0
1,1,1,1
0,0,0,0
1,1,1,1
0,0,0,0
0,0,0,0
0,0,0,0
0,0,0,0
1,1,1,1
0,0,0,0
0,0,0,0
0,0,0,0
1,1,1,1
0,0,0,0
1,1,1,1
0,0,0,0
1,1,1,1
0,0,0,0
1,1,1,1
1,1,0,1
0,0,0,0
1,1,1,1
1,1,1,1
1,1,1,1
0,0,1,0
1,1,1,1
1,1,1,1
1,1,1,1
0,0,0,0
0,0,0,0
1,1,1,1
0,0,0,0
0,0,0,0
0,0,0,0
0,0,0,0
1,1,0,1
1,1,1,1
0,0,0,0
1,1,1,1
0,0,0,0
1,1,1,1
0,0,0,0
1,1,1,1
0,0,0,0
0,0,0,0
1,1,1,1
0,0,0,0
1,1,1,1
1,1,1,1
0,0,0,0
1,1,1,1
0,0,0,0
0,0,0,0
1,1,1,1
0,0,1,0
1,1,1,1
1,1,0,1
1,1,1,1
1,1,0,1
1,1,1,1
1,1,1,1
1,1,1,1
0,0,0,0
1,1,1,1
0,0,0,0
1,1,1,1
1,1,1,1
0,0,0,0
1,1,1,1
0,0,0,0
0,0,0,0
1,1,1,1
1,1,1,1
1,1,1,1
0,0,0,0
0,0,0,0
1,1,1,1
1,1,1,1
1,1,1,1
1,1,1,1
0,0,0,0
1,1,1,1
1,1,1,1
1,1,1,1
0,0,0,0
0,0,0,0
1,1,1,1
0,0,0,0
0,0,0,0
0,0,0,0
1,1,1,1
1,1,1,1
1,1,1,1
1,1,1,1
1,1,1,1
0,0,0,0
0,0,0,0
1,1,0,1
0,0,0,0
1,1,1,1
1,1,1,1
0,0,0,0
0,0,0,0
1,1,1,1
1,1,1,1
1,1,1,1
0,0,0,0
1,1,1,1
0,0,0,0
0,0,0,0
0,0,0,0
0,0,0,0
0,0,0,0
1,1,1,1
0,0,0,0
1,1,1,1
0,0,0,0
0,0,1,0
1,1,1,1
1,1,1,1
1,1,1,1
0,0,1,0
1,1,1,1
0,0,0,0
1,1,1,1
0,0,0,0
0,0,1,0
0,0,0,0
1,1,1,1
1,1,1,1
0,0,1,0
0,0,0,0
1,1,1,1
0,0,0,0
0,0,0,0
1,1,1,1
1,1,1,1
0,0,1,0
1,1,1,1
0,0,0,0
1,1,1,1
1,1,1,1
1,1,1,1
1,1,1,1
0,0,0,0
0,0,1,0
1,1,1,1
1,1,1,1
0,0,0,0
1,1,1,1
1,1,1,1
1,1,1,1
0,0,0,0
1,1,1,1
1,1,1,1
0,0,0,1
1,1,1,1
0,0,0,0
0,0,0,0
1,1,1,1
1,1,1,1
0,0,0,0
0,0,0,0
0,0,0,0
0,0,0,0
0,0,0,0
1,1,1,1
1,1,1,1
1,1,1,1
1,1,1,1
0,0,0,0
0,0,0,0
1,1,1,1
0,0,0,0
0,0,0,0
1,1,1,1
1,1,1,1
1,1,1,1
0,0,0,0
1,1,1,1
1,1,1,1
1,1,1,1
0,0,0,0
1,1,1,1
0,0,0,0
0,0,0,0
0,0,0,0
1,1,1,1
1,1,1,1
1,1,1,1
0,0,0,0
1,1,1,1
0,0,1,0
0,0,0,0
0,0,0,0
1,1,1,1
1,1,1,1
0,0,0,0
1,1,1,1
0,0,0,0
1,1,1,1
0,0,0,0
1,1,1,1
1,1,1,1
1,1,1,1
1,1,1,1
0,0,0,0
0,0,0,0
0,0,0,0
0,0,0,0
0,0,0,0
0,0,0,0
0,0,0,0
1,1,1,1
0,0,0,0
1,1,0,1
1,1,1,1
1,1,1,1
0,0,0,0
0,0,0,0
0,0,0,0
0,0,1,0
0,0,0,0
0,0,0,0
0,0,0,0
1,1,1,1
1,1,1,1
1,1,1,1
1,1,1,1
0,0,0,0
1,1,1,1
1,1,1,1
0,0,0,0
0,0,0,0
0,0,0,0
1,1,1,1
1,1,1,1
1,1,1,1
0,0,0,0
0,0,0,0
1,1,1,1
1,1,1,1
1,1,1,1
1,1,0,1
0,0,0,0
1,1,0,1
1,1,1,1
0,0,0,0
1,1,1,1
0,0,0,0
0,0,1,0
1,1,1,1
1,1,1,1
1,1,1,1
0,0,0,0
0,0,0,0
1,1,1,1
0,0,1,0
0,0,0,0
0,0,0,0
1,1,1,1
0,0,0,0
0,0,0,0
0,0,0,0
1,1,1,1
1,1,1,1
0,0,0,0
0,0,0,0
0,0,0,0
1,1,1,1
1,1,1,1
1,1,1,1
1,1,1,1
1,1,1,1
0,0,0,0
0,0,0,0
0,0,0,0
0,0,0,0
1,1,1,1
1,1,1,1
0,0,0,0
1,1,1,1
1,1,0,1
0,0,0,0
1,1,1,1
1,1,1,1
1,1,1,1
0,0,0,0
1,1,1,1
0,0,0,0
0,0,0,0
1,1,1,1
1,1,1,1
1,1,1,1
1,1,1,1
1,1,1,1
0,0,0,0
0,0,0,0
1,1,1,1
1,1,1,1
0,0,0,0
1,1,0,1
0,0,0,0
1,1,1,1
0,0,0,0
1,1,1,1
1,1,1,1
0,0,0,0
0,0,0,0
0,0,0,0
0,0,0,0
1,1,1,1
0,0,0,0
0,0,0,0
1,1,1,1
0,0,0,0
0,0,1,0
1,1,1,1
0,0,0,0
0,0,0,0
1,1,0,1
1,1,1,1
0,0,0,0
1,1,1,1
0,0,0,0
1,1,1,1
0,0,0,0
1,1,1,1
1,1,1,1
0,0,0,0
1,1,0,1
1,1,1,1
0,0,0,0
1,1,1,1
1,1,1,1
1,1,1,1
1,1,1,1
1,1,1,1
1,1,1,1
0,0,0,0
1,1,0,1
0,0,0,0
0,0,1,0
1,1,1,1
0,0,0,0
1,1,1,1
0,0,1,0
0,0,0,0
1,1,1,1
1,1,1,1
1,1,1,1
0,0,1,0
1,1,1,1
0,0,1,0
1,1,1,1
0,0,0,0
1,1,1,1
0,0,0,0
1,1,1,1
0,0,0,0
0,0,0,0
1,1,1,1
1,1,1,1
0,0,1,0
0,0,1,0
1,1,1,1
0,0,0,0
0,0,0,0
0,0,0,0
1,1,1,1
1,1,1,1
1,1,1,1
1,1,1,1
1,1,1,1
0,0,0,0
1,1,1,1
0,0,0,0
1,1,1,1
1,1,1,1
1,1,1,1
0,0,0,0
1,1,1,1
1,1,1,1
0,0,0,0
1,1,0,1
1,1,0,1
1,1,1,1
1,1,1,1
0,0,0,0
0,0,0,0
1,1,1,1
1,1,1,1
0,0,0,0
1,1,1,1
0,0,0,0
0,0,0,0
1,1,1,1
1,1,0,1
1,1,0,1
1,1,1,1
1,1,0,1
0,0,0,0
0,0,0,0
1,1,1,1
1,1,1,1
0,0,0,0
0,0,1,0
1,1,1,1
1,1,1,1
1,1,1,1
0,0,1,0
0,0,0,0
0,0,1,0
1,1,1,1
0,0,0,0
1,1,1,1
0,0,0,0
1,1,1,1
0,0,0,0
1,1,1,1
1,1,1,1
0,0,0,0
1,1,0,1
1,1,1,1
1,1,1,1
0,0,0,0
0,0,0,0
1,1,1,1
0,0,0,0
1,1,0,1
0,0,0,0
0,0,1,0
0,0,1,0
0,0,1,0
0,0,0,0
1,1,1,1
0,0,0,0
0,0,0,0
0,0,0,0
0,0,0,0
0,0,0,0
1,1,1,1
1,1,1,1
0,0,0,0
1,1,0,1
0,0,0,0
1,1,1,1
0,0,0,0
0,0,0,0
1,1,0,1
0,0,0,0
0,0,0,0
0,0,0,0
0,0,1,0
1,1,1,1
0,0,0,0
1,1,1,1
0,0,0,0
0,0,0,0
0,0,0,0
0,0,0,0
1,1,1,1
0,0,0,0
1,1,1,1
0,0,0,0
1,1,1,1
0,0,0,0
1,1,1,1
1,1,1,1
1,1,1,1
1,1,1,1
0,0,0,0
0,0,1,0
1,1,1,1
1,1,1,1
0,0,0,0
0,0,0,0
0,0,0,0
0,0,0,0
0,0,1,0
1,1,1,1
0,0,0,0
1,1,0,1
1,1,1,1
0,0,0,0
0,0,0,0
1,1,1,1
1,1,1,1
1,1,1,1
1,1,1,1
1,1,1,1
1,1,1,1
1,1,0,1
0,0,0,0
0,0,0,0
0,0,0,0
1,1,1,1
1,1,0,1
1,1,1,1
1,1,1,1
1,1,0,1
1,1,1,1
1,1,1,1
0,0,0,0
1,1,1,1
0,0,1,0
0,0,1,0
1,1,1,1
1,1,1,1
1,1,0,1
1,1,1,1
1,1,0,1
1,1,1,1
1,1,1,1
1,1,1,1
0,0,0,0
1,1,0,1
0,0,0,0
0,0,1,0
1,1,1,1
1,1,1,1
0,0,0,0
0,0,0,0
1,1,1,1
1,1,1,1
0,0,0,0
0,0,0,0
0,0,0,0
0,0,0,0
0,0,0,0
0,0,0,0
0,0,0,0
0,0,0,0
0,0,0,0
1,1,1,1
0,0,0,0
0,0,0,0
0,0,0,0
1,1,1,1
0,0,0,0
1,1,0,1
1,1,1,1
1,1,1,1
1,1,1,1
0,0,0,0
0,0,1,0
1,1,1,1
1,1,1,1
0,0,0,0
1,1,1,1
0,0,0,0
1,1,1,1
0,0,0,0
0,0,0,0
0,0,1,0
1,1,1,1
1,1,1,1
1,1,0,1
0,0,0,0
1,1,1,1
1,1,1,1
0,0,0,0
0,0,0,0
0,0,0,0
0,0,0,0
0,0,0,0
0,0,0,0
1,1,1,1
0,0,0,0
1,1,0,1
1,1,0,1
0,0,0,0
1,1,1,1
0,0,0,0
1,1,1,1
0,0,0,0
1,1,1,1
0,0,0,0
0,0,0,0
0,0,0,0
0,0,0,0
1,1,1,1
0,0,0,0
1,1,1,1
0,0,0,0
1,1,1,1
1,1,1,1
0,0,1,0
1,1,1,1
0,0,0,0
0,0,1,0
0,0,0,0
0,0,0,0
0,0,0,0
0,0,0,0
0,0,0,0
0,0,0,0
1,1,1,1
1,1,0,1
0,0,0,0
1,1,1,1
0,0,0,0
0,0,0,0
0,0,0,0
0,0,0,0
1,1,1,1
1,1,1,1
0,0,0,0
0,0,0,0
0,0,0,0
1,1,1,1
0,0,1,0
1,1,1,1
0,0,1,0
1,1,1,1
1,1,1,1
1,1,1,1
1,1,1,1
1,1,1,1
1,1,1,1
0,0,0,0
1,1,1,1
1,1,1,1
1,1,1,1
0,0,0,0
1,1,0,1
0,0,0,0
0,0,0,0
1,1,1,1
1,1,1,1
1,1,1,1
0,0,0,0
1,1,1,1
1,1,1,1
1,1,1,1
0,0,0,0
1,1,1,1
1,1,1,1
0,0,1,0
1,1,1,1
0,0,0,0
0,0,0,0
1,1,1,1
1,1,1,1
1,1,1,1
0,0,0,0
0,0,0,0
0,0,0,0
0,0,1,0
0,0,0,0
1,1,0,1
1,1,1,1
1,1,1,1
0,0,0,0
0,0,0,0
1,1,1,1
0,0,0,0
0,0,0,0
0,0,0,0
1,1,1,1
1,1,0,1
1,1,1,1
1,1,1,1
1,1,1,1
1,1,1,1
0,0,1,0
1,1,1,1
0,0,0,0
1,1,1,1
1,1,1,1
1,1,1,1
1,1,0,1
0,0,0,0
0,0,0,0
1,1,1,1
1,1,1,1
1,1,1,1
1,1,1,1
1,1,1,1
1,1,1,1
0,0,0,0
1,1,1,1
0,0,1,0
0,0,0,0
0,0,0,0
0,0,0,0
1,1,0,1
1,1,1,1
0,0,0,0
0,0,0,0
1,1,0,1
0,0,0,0
1,1,1,1
1,1,1,1
0,0,0,0
0,0,0,0
0,0,0,0
0,0,0,0
1,1,1,1
0,0,0,0
1,1,1,1
0,0,0,0
1,1,1,1
0,0,0,0
0,0,0,0
0,0,0,0
1,1,1,1
1,1,1,1
1,1,1,1
1,1,1,1
1,1,1,1
0,0,0,0
0,0,0,0
1,1,1,1
1,1,1,1
0,0,0,0
1,1,1,1
1,1,0,1
1,1,1,1
1,1,1,1
1,1,1,1
1,1,1,1
1,1,1,1
0,0,0,0
0,0,1,0
0,0,0,0
1,1,1,1
0,0,0,0
0,0,1,0
0,0,0,0
0,0,0,0
1,1,1,1
1,1,1,1
1,1,1,1
0,0,0,0
1,1,1,1
0,0,0,0
0,0,0,0
1,1,1,1
1,1,1,1
0,0,1,0
1,1,1,1
1,1,1,1
1,1,1,1
1,1,1,1
1,1,1,1
1,1,1,1
1,1,0,1
0,0,0,0
1,1,1,1
1,1,1,1
1,1,1,1
1,1,1,1
0,0,0,0
0,0,0,0
1,1,1,1
1,1,1,1
0,0,0,0
1,1,1,1
0,0,0,0
1,1,1,1
0,0,1,0
1,1,1,1
1,1,1,1
1,1,0,1
0,0,0,0
0,0,0,0
0,0,0,0
1,1,1,1
0,0,0,0
1,1,1,1
1,1,1,1
0,0,0,0
1,1,1,1
0,0,0,0
0,0,0,0
1,1,1,1
0,0,1,0
1,1,0,1
0,0,0,0
0,0,0,0
0,0,0,0
0,0,0,0
0,0,0,0
0,0,0,0
0,0,0,0
1,1,1,1
1,1,1,1
1,1,1,1
1,1,1,1
0,0,0,0
1,1,1,1
0,0,0,0
1,1,0,1
0,0,1,0
1,1,1,1
0,0,0,0
1,1,1,1
0,0,0,0
1,1,1,1
1,1,1,1
0,0,0,0
1,1,1,1
1,1,0,1
1,1,1,1
1,1,1,1
1,1,1,1
0,0,1,0
1,1,0,1
0,0,0,0
0,0,0,0
1,1,1,1
0,0,0,0
0,0,1,0
0,0,0,0
1,1,1,1
1,1,0,1
1,1,1,1
1,1,1,1
0,0,0,0
0,0,0,0
1,1,1,1
0,0,0,0
1,1,1,1
1,1,1,1
0,0,0,0
1,1,1,1
1,1,0,1
1,1,1,1
0,0,0,0
0,0,0,0
1,1,1,1
1,1,0,1
1,1,1,1
1,1,1,1
1,1,1,1
1,1,1,1
1,1,1,1
0,0,0,0
0,0,1,0
0,0,0,0
1,1,1,1
1,1,1,1
1,1,1,1
0,0,0,0
0,0,0,0
0,0,0,0
1,1,1,1
0,0,0,0
1,1,1,1
0,0,0,0
1,1,1,1
0,0,0,0
1,1,1,1
0,0,0,0
0,0,0,0
0,0,1,0
1,1,1,1
1,1,1,1
1,1,1,1
1,1,1,1
1,1,1,1
1,1,0,1
1,1,1,1
1,1,1,1
0,0,1,0
0,0,0,0
1,1,1,1
1,1,1,1
1,1,1,1
1,1,1,1
1,1,1,1
0,0,0,0
0,0,0,0
0,0,0,0
0,0,0,0
1,1,1,1
0,0,0,0
0,0,0,0
0,0,0,0
0,0,0,0
0,0,0,0
0,0,0,0
0,0,0,0
1,1,1,1
1,1,1,1
1,1,1,1
1,1,1,1
0,0,0,0
0,0,0,0
1,1,1,1
0,0,0,0
1,1,1,1
0,0,0,0
1,1,0,1
0,0,0,0
1,1,1,1
1,1,1,1
0,0,0,0
1,1,1,1
1,1,1,1
0,0,0,0
0,0,0,0
1,1,1,1
1,1,1,1
0,0,0,0
0,0,0,0
0,0,1,0
0,0,0,0
1,1,1,1
0,0,0,0
0,0,1,0
1,1,1,1
1,1,1,1
0,0,0,0
0,0,0,0
1,1,1,1
1,1,1,1
1,1,1,1
1,1,1,1
0,0,0,0
1,1,1,1
0,0,0,0
1,1,1,1
1,1,1,1
1,1,1,1
0,0,0,0
0,0,0,0
0,0,0,0
1,1,1,1
1,1,1,1
0,0,0,0
0,0,0,0
0,0,0,0
1,1,1,1
1,1,1,1
1,1,1,1
0,0,0,0
0,0,0,0
1,1,0,1
0,0,0,0
0,0,1,0
1,1,1,1
0,0,0,0
0,0,0,0
0,0,1,0
0,0,0,0
0,0,0,0
0,0,0,0
1,1,1,1
1,1,1,1
1,1,1,1
1,1,1,1
1,1,1,1
0,0,1,0
1,1,1,1
1,1,1,1
1,1,0,1
0,0,0,0
1,1,1,1
0,0,0,0
1,1,1,1
0,0,0,0
0,0,0,0
1,1,1,1
1,1,1,1
0,0,1,0
1,1,0,1
1,1,1,1
0,0,0,0
0,0,0,0
1,1,1,1
0,0,0,0
1,1,1,1
1,1,1,1
0,0,0,0
0,0,0,0
1,1,1,1
1,1,0,1
1,1,1,1
0,0,1,0
0,0,0,0
0,0,0,0
1,1,1,1
0,0,0,0
0,0,0,0
1,1,1,1
0,0,0,0
1,1,1,1
1,1,1,1
1,1,1,1
0,0,0,0
0,0,0,0
0,0,0,0
0,0,1,0
1,1,1,1
0,0,0,0
0,0,0,0
0,0,0,0
1,1,0,1
1,1,1,1
0,0,0,0
1,1,1,1
1,1,1,1
1,1,1,1
0,0,1,0
1,1,1,1
1,1,1,1
1,1,1,1
0,0,0,0
0,0,0,0
0,0,0,0
0,0,0,0
1,1,1,1
0,0,0,0
0,0,0,0
1,1,1,1
0,0,0,0
1,1,0,1
1,1,1,1
0,0,0,0
1,1,1,1
1,1,1,1
0,0,0,0
1,1,1,1
1,1,1,1
1,1,1,1
1,1,0,1
1,1,1,1
1,1,1,1
1,1,1,1
0,0,0,0
0,0,0,0
0,0,1,0
0,0,0,0
0,0,0,0
0,0,0,0
0,0,0,0
0,0,0,0
0,0,0,0
1,1,0,1
0,0,0,0
0,0,0,0
1,1,1,1
0,0,1,0
0,0,0,0
0,0,0,0
1,1,1,1
1,1,1,1
0,0,0,0
0,0,0,0
1,1,1,1
0,0,0,0
1,1,0,1
0,0,0,0
0,0,1,0
1,1,1,1
1,1,1,1
1,1,0,1
0,0,0,0
1,1,1,1
1,1,0,1
1,1,1,1
1,1,1,1
1,1,1,1
1,1,1,1
0,0,0,0
1,1,1,1
1,1,0,1
1,1,1,1
1,1,1,1
0,0,0,0
0,0,0,0
1,1,1,1
0,0,1,0
1,1,1,1
0,0,0,0
1,1,1,1
1,1,1,1
1,1,1,1
1,1,1,1
0,0,0,0
1,1,0,1
0,0,0,0
0,0,0,0
0,0,1,0
0,0,0,0
1,1,1,1
1,1,1,1
0,0,0,0
1,1,1,1
1,1,1,1
0,0,0,0
1,1,1,1
0,0,0,0
1,1,1,1
0,0,0,0
0,0,0,0
0,0,0,0
0,0,0,0
1,1,1,1
1,1,1,1
0,0,0,0
1,1,1,1
0,0,0,0
0,0,0,0
1,1,1,1
0,0,0,0
0,0,0,0
0,0,0,0
1,1,1,1
0,0,0,0
1,1,1,1
1,1,1,1
0,0,1,0
1,1,1,1
1,1,1,1
1,1,1,1
1,1,1,1
1,1,1,1
0,0,0,0
1,1,1,1
0,0,0,0
0,0,0,0
0,0,0,0
1,1,1,1
0,0,0,0
1,1,1,1
1,1,1,1
1,1,0,1
0,0,0,0
0,0,0,0
0,0,0,0
0,0,1,0
1,1,1,1
0,0,0,0
0,0,0,0
1,1,1,1
1,1,1,1
1,1,1,1
1,1,1,1
1,1,1,1
1,1,1,1
0,0,0,0
0,0,0,0
1,1,1,1
0,0,0,0
0,0,0,0
1,1,1,1
0,0,0,0
1,1,1,1
0,0,0,0
1,1,0,1
0,0,0,0
0,0,0,0
0,0,0,0
1,1,1,1
1,1,1,1
1,1,1,1
0,0,1,0
1,1,1,1
0,0,1,0
0,0,0,0
1,1,1,1
0,0,0,0
1,1,1,1
0,0,0,0
1,1,1,1
1,1,1,1
0,0,0,0
1,1,1,1
1,1,1,1
1,1,0,1
1,1,1,1
0,0,0,0
1,1,1,1
0,0,0,0
1,1,1,1
0,0,1,0
0,0,0,0
1,1,1,1
0,0,0,0
1,1,1,1
1,1,1,1
1,1,0,1
1,1,1,1
1,1,1,1
0,0,1,0
0,0,1,0
1,1,1,1
1,1,1,1
0,0,0,0
1,1,1,1
0,0,0,0
1,1,1,1
1,1,1,1
1,1,1,1
0,0,0,0
1,1,1,1
1,1,1,1
0,0,0,0
0,0,0,0
0,0,1,0
0,0,0,0
0,0,0,0
1,1,1,1
1,1,1,1
1,1,1,1
0,0,0,0
1,1,1,1
0,0,0,0
1,1,1,1
1,1,0,1
1,1,1,1
0,0,1,0
1,1,1,1
0,0,0,0
1,1,0,1
1,1,1,1
1,1,1,1
0,0,0,0
0,0,0,0
0,0,0,0
1,1,1,1
1,1,1,1
0,0,0,0
1,1,1,1
0,0,0,0
1,1,1,1
1,1,1,1
0,0,0,0
0,0,0,0
1,1,1,1
0,0,1,0
0,0,0,0
0,0,0,0
1,1,1,1
1,1,1,1
0,0,0,0
0,0,0,0
0,0,1,0
1,1,1,1
1,1,1,1
0,0,0,0
1,1,1,1
1,1,1,1
0,0,0,0
1,1,1,1
0,0,0,0
1,1,0,1
1,1,1,1
1,1,1,1
1,1,1,1
0,0,0,0
0,0,1,0
0,0,0,0
0,0,0,0
1,1,1,1
1,1,0,1
0,0,1,0
1,1,1,1
0,0,0,0
0,0,1,0
1,1,0,1
0,0,0,0
0,0,0,0
1,1,1,1
0,0,0,0
1,1,1,1
1,1,1,1
1,1,1,1
0,0,0,0
1,1,0,1
0,0,0,0
1,1,1,1
1,1,1,1
1,1,1,1
0,0,0,0
0,0,0,0
1,1,1,1
1,1,1,1
0,0,0,0
1,1,1,1
0,0,0,0
1,1,1,1
0,0,0,0
0,0,0,0
1,1,1,1
0,0,0,0
1,1,1,1
1,1,1,1
1,1,1,1
0,0,0,0
0,0,0,0
0,0,1,0
0,0,0,0
0,0,0,0
1,1,0,1
1,1,1,1
0,0,0,0
1,1,1,1
0,0,0,0
1,1,1,1
1,1,1,1
0,0,0,0
1,1,1,1
0,0,0,0
0,0,0,0
1,1,1,1
1,1,1,1
0,0,0,0
1,1,1,1
1,1,1,1
0,0,1,0
1,1,0,1
1,1,0,1
1,1,1,1
1,1,1,1
1,1,1,1
0,0,0,0
1,1,1,1
1,1,1,1
0,0,1,0
1,1,1,1
0,0,0,0
0,0,1,0
1,1,1,1
0,0,0,0
1,1,1,1
0,0,0,0
0,0,0,0
1,1,0,1
0,0,0,0
0,0,0,0
0,0,1,0
0,0,0,0
0,0,0,0
1,1,1,1
0,0,1,0
1,1,1,1
1,1,1,1
1,1,1,1
0,0,0,0
0,0,0,0
1,1,0,1
0,0,1,0
0,0,0,0
0,0,0,0
0,0,0,0
1,1,1,1
1,1,1,1
0,0,1,0
0,0,1,0
1,1,0,1
0,0,0,0
1,1,0,1
0,0,0,0
1,1,1,1
1,1,1,1
1,1,1,1
0,0,0,0
0,0,1,0
0,0,0,0
0,0,0,0
1,1,1,1
1,1,1,1
0,0,0,0
0,0,0,0
1,1,0,1
1,1,1,1
0,0,0,0
0,0,0,0
0,0,1,0
0,0,0,0
0,0,0,0
1,1,1,1
1,1,1,1
0,0,1,0
1,1,1,1
1,1,0,1
1,1,1,1
1,1,1,1
0,0,0,0
1,1,1,1
0,0,0,0
1,1,1,1
0,0,0,0
1,1,1,1
1,1,1,1
1,1,1,1
0,0,0,0
0,0,0,0
0,0,0,0
0,0,0,0
0,0,0,0
0,0,0,0
1,1,1,1
0,0,0,0
1,1,1,1
0,0,0,0
0,0,1,0
1,1,0,1
0,0,0,0
1,1,1,1
0,0,1,0
1,1,0,1
0,0,0,0
1,1,1,1
1,1,1,1
0,0,0,0
1,1,1,1
1,1,1,1
0,0,0,0
1,1,1,1
0,0,0,0
0,0,0,0
0,0,1,0
1,1,1,1
0,0,0,0
1,1,1,1
0,0,0,0
1,1,1,1
1,1,1,1
0,0,1,0
0,1,0,0
0,0,0,0
0,0,0,0
1,1,1,1
1,1,0,1
0,0,0,0
0,0,0,0
0,0,0,0
0,0,1,0
0,0,0,0
0,0,0,0
0,0,0,0
1,1,1,1
0,0,0,0
0,0,0,0
1,1,1,1
0,0,0,0
1,1,0,1
0,0,0,0
0,0,0,0
0,0,0,0
0,0,0,0
0,0,0,0
0,0,0,0
1,1,0,1
0,0,0,0
0,0,1,0
1,1,1,1
0,0,0,0
0,0,0,0
0,0,1,0
1,1,1,1
1,1,1,1
0,0,0,0
0,0,0,0
1,1,0,1
1,1,1,1
1,1,0,1
1,1,1,1
0,0,0,0
0,0,0,0
1,1,0,1
1,1,0,1
0,0,0,0
0,0,0,0
1,1,1,1
0,0,0,0
1,1,1,1
0,0,0,0
0,0,0,0
0,0,0,0
1,1,1,1
1,1,1,1
1,1,1,1
1,1,1,1
0,0,0,0
0,0,1,0
0,0,0,0
0,0,0,0
0,0,0,0
1,1,1,1
0,0,0,0
1,1,1,1
1,1,0,1
1,1,1,1
1,1,1,1
0,0,0,0
0,0,0,0
0,0,0,0
0,0,0,0
1,1,1,1
1,1,1,1
0,0,0,0
1,1,1,1
0,0,0,0
0,0,1,0
1,1,1,1
1,1,1,1
1,1,1,1
1,1,1,1
0,0,1,0
0,0,0,0
1,1,1,1
1,1,1,1
1,1,1,1
1,1,0,1
1,1,1,1
0,0,0,0
0,0,0,0
1,1,1,1
0,0,0,0
1,1,1,1
1,1,1,1
0,0,0,0
1,1,1,1
1,1,1,1
1,1,1,1
0,0,0,0
0,0,0,0
0,0,0,0
0,0,0,0
1,1,1,1
1,1,0,1
1,1,1,1
1,1,1,1
0,0,0,0
0,0,1,0
1,1,1,1
1,1,1,1
0,0,0,0
1,1,1,1
0,0,0,0
1,1,1,1
0,0,0,0
1,1,1,1
0,0,0,0
1,1,1,1
0,0,0,0
0,0,0,0
0,0,0,0
0,0,0,0
0,0,0,0
0,0,0,0
0,0,0,0
1,1,1,1
0,0,1,0
1,1,1,1
0,0,0,0
1,1,1,1
1,1,1,1
1,1,1,1
0,0,0,0
0,0,0,0
0,0,0,0
1,1,1,1
1,1,1,1
0,0,0,0
0,0,0,0
1,1,1,1
0,0,0,0
1,1,1,1
0,0,0,0
1,1,1,1
1,1,1,1
1,1,1,1
1,1,1,1
1,1,1,1
1,1,1,1
0,0,0,0
1,1,0,1
1,1,1,1
1,1,1,1
1,1,1,1
0,0,0,0
0,0,0,0
1,1,1,1
1,1,1,1
0,0,0,0
1,1,1,1
0,0,0,0
1,1,1,1
0,0,0,0
0,0,0,0
1,1,1,1
1,1,1,1
1,1,1,1
1,1,1,1
0,0,0,0
0,0,0,0
1,1,0,1
1,1,1,1
0,0,0,0
0,0,0,0
0,0,0,0
1,1,1,1
1,1,1,1
1,1,1,1
1,1,1,1
1,1,1,1
1,1,1,1
1,1,1,1
1,1,1,1
1,1,1,1
1,1,1,1
1,1,1,1
1,1,1,1
1,1,1,1
0,0,1,0
1,1,1,1
1,1,0,1
0,0,0,0
1,1,1,1
0,0,0,0
0,0,0,0
0,0,0,0
1,1,1,1
1,1,1,1
0,0,1,0
0,0,0,0
0,0,0,0
0,0,0,0
0,0,0,0
0,0,0,0
0,0,1,0
0,0,0,0
1,1,1,1
0,0,0,0
0,0,0,0
0,0,0,0
0,0,0,0
0,0,0,0
0,0,0,0
0,0,0,0
0,0,0,0
0,0,0,0
0,0,0,0
1,1,1,1
1,1,1,1
0,0,1,0
0,0,0,0
0,0,1,1
0,0,1,0
1,1,1,1
0,0,0,0
0,0,0,0
0,0,1,1
0,0,0,0
0,0,0,0
0,0,0,0
1,1,1,1
1,1,1,1
1,1,1,1
1,1,1,1
1,1,1,1
0,0,0,0
1,1,1,1
0,0,1,0
0,0,0,0
0,0,0,0
0,0,0,0
0,0,1,0
1,1,1,1
1,1,0,1
0,0,0,0
0,0,1,0
0,0,0,0
0,0,0,0
0,0,0,0
0,0,0,0
1,1,1,1
0,0,0,0
0,0,1,0
0,0,1,0
1,1,1,1
1,1,1,1
1,1,1,1
1,1,1,1
1,1,1,1
0,0,0,0
1,1,1,1
0,0,0,0
0,0,0,0
1,1,0,1
0,0,0,0
1,1,0,1
0,0,1,0
0,0,0,0
0,0,1,0
1,1,0,1
0,0,0,0
0,0,1,0
1,1,1,1
0,0,0,0
1,1,1,1
1,1,1,1
1,1,1,1
0,0,0,0
1,1,1,1
1,1,1,1
0,0,0,0
0,0,0,0
1,1,1,1
1,1,0,1
1,1,1,1
0,0,0,0
1,1,1,1
0,0,1,0
0,0,0,0
1,1,1,1
0,0,0,0
1,1,1,1
1,1,1,1
1,1,1,1
1,1,1,1
1,1,1,1
0,0,0,0
1,1,0,1
0,0,1,0
0,0,0,0
0,0,0,0
1,1,1,1
0,0,0,0
1,1,1,1
1,1,1,1
1,1,1,1
0,0,0,0
1,1,1,1
0,0,0,0
0,0,1,0
0,0,0,0
0,0,0,0
0,0,0,0
0,0,1,0
1,1,1,1
1,1,1,1
1,1,1,1
0,0,0,0
1,1,1,1
1,1,1,1
0,0,1,0
1,1,1,1
0,0,0,0
1,1,1,1
0,0,1,0
0,0,0,0
0,0,0,0
1,1,1,1
1,1,1,1
0,0,0,0
0,0,0,0
1,1,1,1
1,1,1,1
1,1,1,1
1,1,1,1
0,0,0,0
0,0,0,0
1,1,1,1
1,1,1,1
1,1,0,1
1,1,1,1
1,1,1,1
0,0,0,0
0,0,0,0
1,1,1,1
0,0,0,0
0,0,0,0
0,0,0,0
0,0,1,0
1,1,1,1
0,0,0,0
1,1,1,1
0,0,0,0
0,0,0,0
0,0,0,0
0,0,0,0
1,1,1,1
1,1,1,1
0,0,1,0
1,1,1,1
0,0,0,0
1,1,1,1
0,0,0,0
1,1,1,1
1,1,1,1
0,0,0,0
1,1,1,1
0,0,0,0
1,1,1,1
0,0,1,0
1,1,1,1
0,0,0,0
0,0,0,0
0,0,0,0
1,1,0,1
1,1,1,1
0,0,0,0
1,1,1,1
0,0,0,0
1,1,1,1
0,0,0,0
1,1,1,1
1,1,1,1
1,1,0,1
0,0,0,0
1,1,1,1
0,0,0,0
0,0,0,0
1,1,1,1
1,1,1,1
1,1,1,1
0,0,0,0
0,0,1,0
1,1,0,1
1,1,1,1
0,0,0,0
0,0,0,0
1,1,0,1
0,0,0,0
0,0,0,0
1,1,1,1
1,1,1,1
1,1,1,1
1,1,0,1
0,0,0,0
0,0,1,0
0,0,0,0
1,1,1,1
0,0,0,0
1,1,1,1
0,0,0,0
0,0,0,0
1,1,0,1
0,0,0,0
1,1,1,1
0,0,0,0
1,1,1,1
0,0,0,0
1,1,0,1
0,0,0,0
1,1,1,1
1,1,1,1
0,0,0,0
1,1,1,1
0,0,0,0
0,0,0,0
0,0,0,0
0,0,0,0
0,0,1,0
1,1,1,1
1,1,1,1
0,0,0,0
1,1,1,1
0,0,0,0
1,1,1,1
1,1,1,1
1,1,1,1
1,1,1,1
0,0,0,0
0,0,0,0
1,1,0,1
0,0,0,0
0,0,1,0
0,0,0,0
1,1,1,1
0,0,1,0
0,0,0,0
0,0,0,0
0,0,0,0
0,0,0,0
0,0,0,0
0,0,1,0
0,0,0,0
0,0,0,0
0,0,1,0
1,1,0,1
1,1,0,1
0,0,0,0
0,0,1,0
1,1,0,1
1,1,1,1
0,0,0,0
1,1,1,1
1,1,0,1
1,1,0,1
1,1,0,1
1,1,1,1
0,0,0,0
1,1,1,1
0,0,0,0
1,1,1,1
1,1,1,1
0,0,0,0
1,1,1,1
0,0,0,0
0,0,0,0
1,1,1,1
1,1,1,1
1,1,1,1
0,0,0,0
1,1,1,1
0,0,0,0
0,0,0,0
1,1,1,1
1,1,1,1
1,1,1,1
0,0,0,0
1,1,1,1
1,1,1,1
0,0,0,0
1,1,1,1
1,1,1,1
0,0,0,0
0,0,0,0
1,1,1,1
1,1,1,1
1,1,1,1
0,0,0,0
1,1,1,1
1,1,1,1
0,0,0,0
0,0,0,0
0,0,0,0
0,0,0,0
0,0,0,0
1,1,1,1
0,0,0,0
1,1,1,1
1,1,1,1
1,1,1,1
1,1,1,1
1,1,1,1
0,0,0,0
0,0,0,0
1,1,1,1
1,1,1,1
1,1,1,1
1,1,1,1
0,0,0,0
1,1,1,1
0,0,0,0
1,1,1,1
0,0,0,0
0,0,1,0
1,1,1,1
0,0,0,0
1,1,1,1
1,1,1,1
0,0,0,0
0,0,0,0
1,1,1,1
1,1,1,1
1,1,1,1
1,1,1,1
0,0,0,0
0,0,1,0
1,1,1,1
1,1,1,1
1,1,1,1
0,0,0,0
0,0,1,0
0,0,0,0
1,1,1,1
0,0,0,0
1,1,1,1
0,0,0,0
1,1,1,1
1,1,1,1
0,0,0,0
0,0,0,0
1,1,1,1
0,0,0,0
0,0,0,0
1,1,1,1
0,0,0,0
0,0,0,0
1,1,1,1
0,0,0,0
1,1,1,1
1,1,1,1
1,1,1,1
1,1,1,1
1,1,1,1
0,0,1,0
0,0,0,0
0,0,0,0
0,0,0,0
0,0,0,0
0,0,0,0
0,0,0,0
1,1,1,1
0,0,0,0
1,1,1,1
1,1,1,1
0,0,0,0
1,1,1,1
0,0,0,0
1,1,0,1
0,0,1,0
0,0,0,0
0,0,0,0
0,0,0,0
1,1,1,1
1,1,1,1
1,1,1,1
0,0,0,0
0,0,1,0
1,1,1,1
1,1,1,1
0,0,0,0
0,0,0,0
1,1,1,1
0,0,0,0
1,1,1,1
0,0,0,0
1,1,1,1
1,1,1,1
1,1,1,1
1,1,1,1
0,0,0,0
0,0,0,0
0,0,0,0
0,0,0,0
0,0,0,0
1,1,1,1
1,1,1,1
0,0,0,0
0,0,0,0
1,1,1,1
1,1,1,1
1,1,1,1
1,1,1,1
1,1,1,1
1,1,1,1
0,0,0,0
0,0,0,0
0,0,0,0
0,0,0,0
1,1,1,1
0,0,0,0
0,0,0,0
0,0,0,0
0,0,0,0
1,1,1,1
1,1,1,1
1,1,1,1
1,1,1,1
0,0,0,0
1,1,1,1
1,1,1,1
1,1,1,1
0,0,0,0
0,0,1,0
1,1,1,1
1,1,1,1
0,0,0,0
0,0,0,0
1,1,1,1
1,1,1,1
1,1,1,1
1,1,1,1
1,1,1,1
1,1,1,1
0,0,0,0
1,1,1,1
0,0,0,0
1,1,1,1
0,0,0,0
1,1,1,1
0,0,0,0
1,1,1,1
0,0,1,0
1,1,1,1
0,0,0,0
0,0,0,0
1,1,1,1
0,0,0,0
1,1,0,1
1,1,1,1
1,1,1,1
1,1,1,1
0,0,0,0
1,1,1,1
1,1,1,1
0,0,0,0
0,0,0,0
0,0,0,0
0,0,0,0
1,1,0,1
1,1,1,1
0,0,0,0
0,0,0,0
1,1,1,1
0,0,0,0
1,1,1,1
0,0,0,0
0,0,0,0
1,1,0,1
0,0,1,0
0,0,0,0
0,0,0,0
1,1,1,1
0,0,1,0
0,0,0,0
0,0,0,0
1,1,1,1
1,1,1,1
1,1,1,1
1,1,1,1
0,0,0,0
0,0,0,0
1,1,1,1
1,1,1,1
1,1,1,1
0,0,1,0
0,0,0,0
1,1,1,1
0,0,0,0
1,1,1,1
0,0,0,0
1,1,0,1
1,1,1,1
0,0,0,0
1,1,1,1
0,0,0,0
0,0,0,0
0,0,0,0
1,1,1,1
1,1,1,1
1,1,1,1
0,0,0,0
0,0,0,0
0,0,0,0
0,0,1,0
1,1,1,1
0,0,1,0
0,0,0,0
1,1,1,1
1,1,1,1
0,0,0,0
0,0,0,0
1,1,1,1
0,0,1,0
1,1,1,1
1,1,1,1
0,0,0,0
0,0,0,0
1,1,1,1
0,0,0,0
0,0,0,0
1,1,1,1
1,1,1,1
0,1,1,1
0,0,0,0
0,0,0,0
1,1,1,1
0,0,0,0
0,0,0,0
1,1,1,1
0,0,0,0
0,0,0,0
0,0,0,0
1,1,1,1
0,0,0,0
1,1,1,1
0,0,0,0
1,1,1,1
0,0,0,0
0,0,1,0
1,1,1,1
1,1,1,1
0,0,0,0
1,1,1,1
0,0,0,0
1,1,1,1
0,0,0,0
0,0,0,0
0,0,0,0
1,1,1,1
1,1,1,1
1,1,1,1
1,1,1,1
0,0,0,0
0,0,0,0
0,0,0,0
1,1,1,1
0,0,0,0
1,1,0,1
1,1,1,1
1,1,1,1
0,0,0,0
0,0,1,0
0,0,0,0
0,0,0,0
1,1,1,1
1,1,1,1
0,0,0,0
1,1,0,1
0,0,1,0
1,1,1,1
1,1,1,1
1,1,1,1
0,0,0,0
1,1,1,1
1,1,1,1
0,0,0,0
1,1,1,1
0,0,0,0
1,1,1,1
0,0,0,0
1,1,1,1
1,1,0,1
0,0,0,0
1,1,1,1
0,0,0,0
1,1,1,1
1,1,1,1
1,1,1,1
1,1,1,1
1,1,1,1
0,0,0,0
1,1,1,1
1,1,1,1
0,0,0,0
0,0,0,0
1,1,1,1
1,1,1,1
0,0,0,0
1,1,1,1
1,1,1,1
1,1,1,1
0,0,1,0
0,0,1,0
0,0,0,0
0,0,0,0
0,0,0,0
1,1,1,1
1,1,1,1
0,0,0,0
0,0,0,0
0,0,0,0
1,1,1,1
0,0,0,0
0,0,0,0
0,0,0,0
1,1,1,1
0,0,0,0
0,0,1,0
1,1,1,1
1,1,1,1
0,0,0,0
0,0,0,0
1,1,1,1
1,1,0,1
1,1,1,1
0,0,0,0
1,1,1,1
1,1,1,1
1,1,1,1
1,1,1,1
1,1,1,1
1,1,1,1
0,0,1,0
0,0,0,0
1,1,1,1
1,1,1,1
0,0,0,0
1,1,1,1
0,0,0,0
1,1,1,1
0,0,0,0
1,1,1,1
0,0,0,0
1,1,1,1
1,1,1,1
0,0,0,0
1,1,1,1
0,0,0,0
0,0,0,0
1,1,1,1
1,1,1,1
0,0,0,0
0,0,0,0
0,0,0,0
1,1,1,1
0,0,0,0
1,1,1,1
1,1,1,1
0,0,0,0
1,1,0,1
1,1,1,1
0,0,0,0
1,1,1,1
1,1,1,1
1,1,1,1
0,0,1,0
0,0,0,0
0,0,0,0
1,1,1,1
1,1,1,1
0,0,0,0
1,1,1,1
1,1,1,1
0,0,0,0
0,0,0,0
1,1,1,1
1,1,1,1
1,1,1,1
1,1,1,1
1,1,1,1
0,0,0,0
0,0,0,0
0,0,0,0
0,0,0,0
0,0,0,0
1,1,1,1
1,1,1,1
0,0,0,0
1,1,1,1
0,0,0,0
0,0,0,0
0,0,0,0
1,1,1,1
1,1,0,1
1,1,0,1
0,0,0,0
0,0,0,0
0,0,0,0
0,0,0,0
1,1,1,1
1,1,1,1
0,0,0,0
0,0,0,0
0,0,0,0
0,0,0,0
1,1,1,1
0,0,0,0
0,0,0,0
1,1,1,1
0,0,0,0
1,1,1,1
0,0,0,0
0,0,0,0
0,0,0,0
1,1,1,1
0,0,0,0
0,0,1,0
1,1,1,1
1,1,1,1
0,0,0,0
0,0,0,0
0,0,0,0
0,0,1,0
0,0,0,0
0,0,0,0
0,0,1,0
1,1,1,1
0,0,0,0
0,0,0,0
0,0,0,0
0,0,0,0
0,0,0,0
1,1,1,1
1,1,1,1
1,1,1,1
1,1,1,1
1,1,1,1
0,0,0,0
0,0,0,0
1,1,1,1
0,0,0,0
1,1,1,1
1,1,1,1
0,0,0,0
0,0,1,0
1,1,1,1
1,1,0,1
0,0,0,0
1,1,1,1
1,1,1,1
0,0,0,0
0,0,0,0
0,0,0,0
1,1,0,1
0,0,1,0
1,1,1,1
1,1,1,1
1,1,1,1
1,1,1,1
0,0,0,0
1,1,1,1
0,0,0,0
1,1,1,1
1,1,1,1
0,0,1,0
1,1,0,1
0,0,1,0
1,1,1,1
1,1,1,1
0,0,0,0
0,0,0,0
1,1,1,1
0,0,1,0
0,0,0,0
0,1,0,0
1,1,1,1
1,1,1,1
0,0,0,0
0,0,0,0
0,0,1,0
1,1,1,1
0,0,1,0
0,0,0,0
1,1,1,1
0,0,0,0
1,1,1,1
1,1,1,1
0,0,0,0
1,1,1,1
0,0,1,0
1,1,1,1
0,0,0,0
1,1,1,1
0,0,0,0
1,1,1,1
1,1,1,1
0,0,0,0
1,1,0,1
1,1,1,1
0,0,0,0
0,0,0,0
0,0,0,0
0,0,0,0
1,1,1,1
1,1,1,1
0,0,0,0
0,0,0,0
1,1,1,1
1,1,1,1
1,1,1,1
1,1,1,1
1,1,1,1
1,1,1,1
0,0,0,0
0,0,0,0
1,1,1,1
0,0,0,0
1,1,0,1
0,0,0,0
0,0,0,0
0,0,0,0
1,1,1,1
0,0,0,0
1,1,1,1
0,0,1,0
0,0,0,0
1,1,1,1
1,1,1,1
1,1,1,1
1,1,1,1
0,0,0,0
1,1,1,1
0,0,1,0
0,0,0,0
0,0,0,0
0,0,0,0
0,0,0,0
1,1,0,1
0,0,1,0
0,0,0,0
0,0,0,0
1,1,1,1
1,1,1,1
0,0,0,0
0,0,0,0
1,1,0,1
1,1,1,1
1,1,1,1
0,0,0,0
0,0,0,0
0,0,0,0
1,1,1,1
0,0,0,0
0,0,0,0
1,1,1,1
1,1,1,1
1,1,1,1
0,0,1,0
1,1,1,1
1,1,1,1
0,0,0,0
0,0,0,0
1,1,1,1
1,1,1,1
1,1,1,1
1,1,1,1
0,0,0,0
1,1,1,1
0,0,0,0
0,0,0,0
0,0,1,0
0,0,0,0
0,0,0,0
0,0,0,0
1,1,1,1
0,0,1,0
1,1,1,1
0,0,0,0
1,1,1,1
0,0,0,0
1,1,1,1
1,1,1,1
0,0,0,0
0,0,0,0
0,0,0,0
1,1,1,1
0,0,0,0
1,1,0,1
0,0,0,0
0,0,0,0
1,1,1,1
0,0,0,0
1,1,1,1
1,1,0,1
1,1,0,1
1,1,1,1
0,0,0,0
0,0,0,0
0,0,1,0
1,1,1,1
0,0,0,0
0,0,1,0
1,1,1,1
0,0,0,0
0,0,0,0
0,0,0,0
1,1,1,1
1,1,1,1
1,1,1,1
1,1,1,1
0,0,0,0
0,0,0,0
0,0,0,0
0,0,0,0
1,1,0,1
0,0,0,0
1,1,1,1
1,1,1,1
1,1,1,1
0,0,0,0
0,0,0,0
0,0,0,0
1,1,1,1
1,1,1,1
0,0,0,0
0,0,0,0
1,1,1,1
1,1,1,1
1,1,1,1
0,0,0,0
1,1,1,1
1,1,0,1
0,0,1,0
0,0,0,0
1,1,1,1
1,1,1,1
1,1,1,1
0,0,1,0
1,1,1,1
1,1,1,1
1,1,0,1
1,1,1,1
0,0,0,0
1,1,1,1
0,0,0,0
0,0,1,0
0,0,0,0
1,1,1,1
0,0,0,0
0,0,1,0
0,0,1,0
0,0,1,0
0,0,0,0
0,0,0,0
1,1,1,1
0,0,0,0
1,1,1,1
0,0,0,0
0,0,0,0
1,1,1,1
0,0,0,0
1,1,1,1
0,0,0,0
0,0,0,0
0,0,0,0
1,1,1,1
1,1,1,1
0,0,0,0
1,1,1,1
1,1,1,1
0,0,0,0
1,1,1,1
1,1,1,1
1,1,1,1
0,0,0,0
0,0,0,0
1,1,1,1
1,1,1,1
0,0,0,0
0,0,0,0
1,1,1,1
0,0,1,0
1,1,1,1
0,0,0,0
1,1,1,1
1,1,1,1
0,0,0,0
1,1,1,1
1,1,1,1
1,1,1,1
1,1,1,1
0,0,0,0
0,0,0,0
1,1,1,1
1,1,1,1
0,0,0,0
1,1,1,1
1,1,1,1
1,1,1,1
1,1,0,1
1,1,1,1
1,1,1,1
0,0,0,0
0,0,0,0
1,1,1,1
0,0,1,0
0,0,0,0
1,1,1,1
0,0,0,0
1,1,1,1
0,0,0,0
1,1,1,1
0,0,0,0
0,0,0,0
1,1,1,1
1,1,1,1
0,0,0,0
0,0,0,0
0,0,0,0
0,0,1,0
0,0,0,0
0,0,0,0
1,1,1,1
0,0,0,0
0,0,0,0
0,0,0,0
1,1,1,1
1,1,1,1
1,1,1,1
1,1,1,1
1,1,1,1
1,1,1,1
1,1,1,1
1,1,1,1
0,0,0,0
1,1,0,1
1,1,1,1
0,0,0,0
1,1,1,1
1,1,1,1
0,0,0,0
1,1,1,1
1,1,1,1
1,1,1,1
1,1,1,1
1,1,1,1
1,1,1,1
1,1,1,1
0,0,1,0
0,0,0,0
0,0,0,0
0,0,0,0
1,1,0,1
1,1,1,1
0,0,0,0
1,1,1,1
0,0,0,0
1,1,1,1
1,1,1,1
1,1,1,1
1,1,1,1
0,0,0,0
1,1,1,1
0,0,0,0
0,0,0,0
0,0,0,0
0,0,0,0
0,0,0,0
1,1,1,1
0,0,0,0
1,1,1,1
1,1,1,1
0,0,0,0
1,1,1,1
1,1,1,1
0,0,0,0
0,0,0,0
1,1,1,1
1,1,1,1
0,0,0,0
1,1,0,1
1,1,1,1
0,0,1,0
1,1,1,1
0,0,0,0
1,1,1,1
1,1,1,1
1,1,1,1
0,0,0,0
1,1,1,1
1,1,1,1
0,0,0,0
0,0,0,0
1,1,1,1
0,0,1,0
0,0,0,0
1,1,1,1
1,1,1,1
1,1,1,1
1,1,0,1
1,1,1,1
0,0,0,0
1,1,1,1
0,0,0,0
1,1,1,1
0,0,0,0
1,1,1,1
0,0,0,0
1,1,1,1
1,1,1,1
0,0,0,0
0,0,0,0
1,1,0,1
1,1,1,1
1,1,1,1
1,1,1,1
1,1,1,1
0,0,0,0
1,1,1,1
1,1,1,1
1,1,1,1
0,0,0,0
0,0,1,0
1,1,0,1
1,1,1,1
1,1,1,1
1,1,1,1
1,1,1,1
0,0,1,0
0,0,0,0
0,0,0,0
1,1,1,1
0,0,0,0
0,0,0,0
1,1,1,1
1,1,1,1
0,0,0,0
0,0,0,0
0,0,0,0
1,1,1,1
1,1,1,1
0,0,0,0
1,1,1,1
1,1,1,1
0,0,1,0
1,1,1,1
0,0,1,0
0,0,0,0
1,1,0,1
1,1,1,1
0,0,0,0
0,0,0,0
1,1,1,1
1,1,0,1
0,0,0,0
1,1,1,1
0,0,0,0
1,1,1,1
0,0,0,0
0,0,0,0
1,1,1,1
1,1,1,1
1,1,1,1
1,1,1,1
0,0,0,0
1,1,1,1
0,0,0,0
1,1,1,1
0,0,0,0
0,0,0,0
0,0,0,0
1,1,1,1
1,1,1,1
1,1,1,1
0,0,0,0
1,1,0,1
1,1,1,1
1,1,1,1
1,1,1,1
1,1,1,1
1,1,0,1
1,1,0,1
1,1,1,1
0,0,0,0
1,1,1,1
1,1,1,1
1,1,1,1
0,0,0,0
1,1,1,1
0,0,0,0
0,0,0,0
1,1,0,1
0,0,1,0
1,1,1,1
0,0,0,0
0,0,0,0
1,1,1,1
0,0,0,0
0,0,0,0
1,1,1,1
0,0,1,0
0,0,1,0
0,0,0,0
0,0,0,0
1,1,1,1
1,1,0,1
1,1,1,1
1,1,1,1
1,1,1,1
1,1,1,1
1,1,1,1
0,0,0,0
1,1,1,1
1,1,1,1
0,0,0,0
0,0,0,0
0,0,0,0
1,1,1,1
1,1,1,1
0,0,1,0
0,0,0,0
1,1,1,1
1,1,1,1
1,1,1,1
0,0,0,0
0,0,0,0
0,0,0,0
0,0,1,0
1,1,1,1
0,0,0,0
0,0,0,0
1,1,1,1
1,1,1,1
0,0,0,0
1,1,1,1
0,0,0,0
1,1,1,1
1,1,1,1
0,0,0,0
0,0,0,0
0,0,0,0
1,1,1,1
0,0,0,0
0,0,0,0
1,1,1,1
0,0,0,0
1,1,1,1
1,1,1,1
0,0,0,0
0,0,0,0
0,0,1,0
1,1,1,1
1,1,1,1
1,1,1,1
0,0,0,0
1,1,0,1
0,0,0,0
0,0,1,0
0,0,0,0
1,1,1,1
0,0,1,0
1,1,1,1
0,0,0,0
0,0,0,0
1,1,1,1
0,0,0,0
1,1,1,1
1,1,1,1
0,0,0,0
1,1,1,1
0,0,0,0
1,1,1,1
0,0,0,0
0,0,0,0
0,0,0,0
1,1,1,1
0,0,1,0
0,0,1,0
1,1,1,1
0,0,0,0
1,1,1,1
0,0,1,0
0,0,0,0
0,0,0,0
0,0,0,0
0,0,1,0
0,0,0,0
1,1,1,1
1,1,1,1
1,1,1,1
1,1,1,1
0,0,0,0
1,1,1,1
0,0,0,0
0,0,1,0
0,0,1,0
0,0,0,0
0,0,0,0
1,1,1,1
0,0,0,0
1,1,1,1
1,1,1,1
0,0,0,0
1,1,1,1
1,1,0,1
1,1,1,1
0,0,0,0
0,0,0,0
1,1,1,1
0,0,0,0
1,1,1,1
0,0,0,0
1,1,1,1
0,0,0,0
1,1,1,1
1,1,1,1
1,1,1,1
1,1,1,1
0,0,0,0
1,1,1,1
1,1,1,1
1,1,1,1
0,0,0,0
0,0,0,0
0,0,0,0
0,0,0,0
0,0,0,0
0,0,0,0
1,1,1,1
0,0,0,0
1,1,1,1
0,0,0,0
1,1,1,1
1,1,1,1
0,0,0,0
1,1,1,1
0,0,0,0
1,1,1,1
1,1,1,1
1,1,0,1
1,1,1,1
0,0,0,0
0,0,1,0
0,0,0,0
1,1,1,1
1,1,0,1
0,0,0,0
0,0,0,0
0,0,0,0
0,0,0,0
0,0,0,0
1,1,1,1
0,0,0,0
0,0,0,0
0,0,1,0
1,1,1,1
0,0,0,0
1,1,1,1
1,1,1,1
0,0,0,0
1,1,1,1
1,1,1,1
0,0,0,0
1,1,1,1
0,0,0,0
1,1,1,1
1,1,1,1
1,1,1,1
1,1,1,1
1,1,1,1
1,1,1,1
0,0,0,0
0,0,0,0
0,0,0,0
1,1,1,1
0,0,0,0
0,0,0,0
1,1,1,1
1,1,1,1
1,1,1,1
1,1,1,1
1,1,0,1
0,0,0,0
0,0,0,0
0,0,1,0
0,0,0,0
1,1,1,1
1,1,1,1
1,1,1,1
1,1,1,1
1,1,1,1
0,0,0,0
1,1,0,1
1,1,1,1
0,0,1,0
0,0,1,0
0,0,0,0
1,1,1,1
1,1,1,1
0,0,0,0
1,1,1,1
1,1,0,1
1,1,1,1
0,0,0,0
1,1,0,1
1,1,1,1
1,1,1,1
1,1,1,1
0,0,0,0
1,1,1,1
0,0,1,0
0,0,1,0
1,1,1,1
1,1,1,1
1,1,1,1
0,0,0,0
1,1,1,1
1,1,1,1
0,0,0,0
0,0,0,0
0,0,0,0
1,1,1,1
1,1,1,1
0,0,0,0
1,1,1,1
1,1,1,1
1,1,0,1
0,0,0,0
0,0,0,0
1,1,1,1
0,0,0,0
1,1,1,1
0,0,0,0
0,0,0,0
1,1,1,1
1,1,1,1
1,1,1,1
1,1,0,1
1,1,1,1
1,1,1,1
1,1,1,1
0,0,0,0
0,0,0,0
1,1,0,1
0,0,0,0
0,0,1,0
1,1,1,1
0,0,0,0
0,0,0,0
1,1,1,1
0,0,0,0
1,1,0,1
0,0,1,0
1,1,1,1
0,0,0,0
1,1,1,1
1,1,1,1
1,1,1,1
1,1,1,1
0,0,1,0
0,0,0,0
0,0,0,0
0,0,0,0
1,1,1,1
0,0,1,0
1,1,1,1
0,0,0,0
0,0,0,0
1,1,1,1
0,0,0,0
1,1,1,1
0,0,1,0
0,0,0,0
1,1,0,1
0,0,0,0
1,1,1,1
1,1,1,1
0,0,0,0
0,0,0,0
1,1,1,1
1,1,1,1
1,1,1,1
0,0,0,0
0,0,0,0
1,1,1,1
0,0,0,0
1,1,1,1
0,0,0,0
0,0,0,0
0,0,0,0
1,1,1,1
0,0,1,0
0,0,0,0
1,1,1,1
1,1,1,1
0,0,0,0
0,0,1,0
1,1,0,1
1,1,1,1
1,1,0,1
1,1,1,1
0,0,0,0
0,0,0,0
1,1,1,1
1,1,1,1
0,0,0,0
0,0,0,0
0,0,0,0
1,1,1,1
1,1,1,1
0,0,0,0
1,1,1,1
1,1,1,1
0,0,0,0
0,0,0,0
0,0,0,0
1,1,1,1
1,1,0,1
0,0,0,0
0,0,0,0
0,0,0,0
0,0,0,0
0,0,0,0
0,0,1,0
0,0,0,0
0,0,1,0
0,0,0,0
0,0,0,0
0,0,0,0
1,1,1,1
1,1,0,1
0,0,0,0
1,1,1,1
0,0,0,0
0,0,0,0
0,0,0,0
1,1,1,1
1,1,1,1
0,0,0,0
1,1,1,1
1,1,1,1
1,1,1,1
0,0,0,0
0,0,0,0
1,1,1,1
1,1,1,1
1,1,1,1
0,0,0,0
0,0,0,0
0,0,0,0
0,0,0,0
0,0,0,0
1,1,1,1
0,0,0,0
1,1,1,1
1,1,1,1
1,1,1,1
0,0,0,0
0,0,0,0
0,0,0,0
1,1,1,1
1,1,1,1
0,0,0,0
0,0,0,0
1,1,1,1
0,0,1,0
0,0,1,0
0,0,1,0
0,0,0,0
1,1,1,1
0,0,0,0
1,1,1,1
0,0,0,0
0,0,0,0
0,0,0,0
0,0,0,0
1,1,1,1
1,1,1,1
1,1,1,1
1,1,1,1
1,1,1,1
0,0,0,0
0,0,0,0
1,1,0,1
1,1,1,1
1,1,1,1
1,1,1,1
0,0,0,0
1,1,1,1
1,1,0,1
0,0,0,0
1,1,1,1
0,0,0,0
1,1,0,1
0,0,0,0
1,1,1,1
1,1,1,1
0,0,1,0
0,0,0,0
1,1,1,1
1,1,1,1
1,1,1,1
0,0,1,0
0,0,0,0
0,0,0,0
0,0,0,0
1,1,1,1
0,0,0,0
0,0,0,0
0,0,0,0
0,0,1,0
0,0,0,0
0,0,0,0
0,0,0,0
0,0,1,0
0,0,0,0
1,1,0,1
0,0,0,0
1,1,1,1
1,1,1,1
0,0,0,0
0,0,1,0
0,0,0,0
1,1,1,1
0,0,0,0
1,1,1,1
1,1,1,1
1,1,1,1
0,0,1,0
1,1,1,1
1,1,1,1
1,1,1,1
0,0,0,0
1,1,1,1
0,0,0,0
0,0,0,0
1,1,0,1
0,0,0,0
1,1,1,1
0,0,0,0
0,0,0,0
0,0,0,0
1,1,1,1
0,0,0,0
1,1,1,1
0,0,0,0
0,0,0,0
1,1,1,1
0,0,0,0
0,0,0,0
0,0,0,0
1,1,1,1
1,1,0,1
0,0,1,0
1,1,1,1
1,1,1,1
1,1,1,1
0,0,0,0
1,1,1,1
1,1,1,1
1,1,1,1
1,1,1,1
1,1,1,1
1,1,1,1
1,1,1,1
1,1,1,1
1,1,1,1
1,1,1,1
1,1,1,1
1,1,0,1
0,0,0,0
0,0,0,0
1,1,1,1
1,1,1,1
0,0,0,0
0,0,1,0
1,1,1,1
0,0,0,0
1,1,1,1
1,1,1,1
1,1,1,1
1,1,1,1
1,1,1,1
1,1,1,1
0,0,0,0
0,0,0,0
1,1,1,1
1,1,1,1
0,0,1,0
0,0,0,0
0,0,0,0
0,0,0,0
0,0,0,0
1,1,1,1
0,0,0,0
1,1,0,1
0,0,0,0
0,0,1,0
0,0,0,0
0,0,0,0
1,1,1,1
1,1,1,1
0,0,0,0
1,1,1,1
0,0,1,0
1,1,1,1
1,1,1,1
1,1,1,1
1,1,1,1
1,1,1,1
0,0,0,0
1,1,1,1
1,1,0,1
1,1,1,1
1,1,1,1
0,0,0,0
0,0,0,0
1,1,1,1
0,0,1,0
0,0,0,0
1,1,1,1
0,0,0,0
0,0,0,0
0,0,0,0
1,1,1,1
0,0,0,0
1,1,1,1
0,0,0,0
1,1,1,1
1,1,1,1
0,0,0,0
1,1,1,1
0,0,0,0
0,0,0,0
1,1,1,1
0,0,0,0
1,1,1,1
0,0,1,0
0,0,0,0
1,1,1,1
0,0,0,0
0,0,1,0
1,1,1,1
0,0,0,0
1,1,0,1
0,0,0,0
0,0,0,0
0,0,0,0
1,1,1,1
0,0,0,0
1,1,1,1
0,0,0,0
0,0,0,0
0,0,0,0
1,1,1,1
1,1,1,1
0,0,0,0
1,1,1,1
1,1,1,1
0,0,0,0
0,0,0,0
0,0,0,0
1,1,1,1
0,0,0,0
1,1,1,1
1,1,1,1
0,0,0,0
0,0,0,0
1,1,1,1
0,0,0,0
1,1,1,1
1,1,1,1
1,1,1,1
1,1,1,1
1,1,1,1
0,0,1,0
1,1,1,1
0,0,0,0
1,1,1,1
1,1,1,1
0,0,0,0
1,1,1,1
1,1,0,1
0,0,1,0
0,0,0,0
1,1,1,1
1,1,1,1
0,0,0,0
1,1,1,1
0,0,0,0
1,1,1,1
0,0,0,0
0,0,0,0
0,0,0,0
1,1,1,1
1,1,1,1
1,1,1,1
1,1,1,1
1,1,1,1
0,0,0,0
0,0,1,0
0,0,0,0
0,0,0,0
1,1,1,1
1,1,1,1
1,1,1,1
1,1,1,1
0,0,0,0
1,1,1,1
1,1,1,1
1,1,0,1
1,1,1,1
1,1,1,1
0,0,0,0
1,1,1,1
1,1,0,1
0,0,0,0
1,1,1,1
1,1,0,1
1,1,1,1
0,0,0,0
1,1,1,1
0,0,0,0
0,0,0,0
1,1,1,1
0,0,0,0
1,1,1,1
1,1,1,1
1,1,1,1
1,1,1,1
1,1,1,1
1,1,1,1
1,1,1,1
1,1,1,1
1,1,1,1
1,1,1,1
0,0,0,0
1,1,1,1
0,0,0,0
1,1,1,1
1,1,1,1
1,1,1,1
1,1,1,1
1,1,1,1
0,0,0,0
1,1,1,1
0,0,0,0
1,1,1,1
1,1,1,1
1,1,1,1
0,0,0,0
0,1,1,1
0,0,0,0
1,1,1,1
1,1,1,1
1,1,1,1
0,0,0,0
0,0,0,0
0,0,1,0
1,1,1,1
0,0,0,0
0,0,0,0
1,1,1,1
1,1,0,1
1,1,1,1
0,0,0,0
1,1,1,1
0,0,0,0
1,1,1,1
1,1,0,1
0,0,0,0
1,1,1,1
1,1,1,1
1,1,1,1
0,0,0,0
1,1,0,1
0,0,1,0
0,0,0,0
0,0,0,0
1,1,1,1
0,0,0,0
1,1,1,1
0,0,0,0
1,1,1,1
1,1,1,1
1,1,1,1
0,0,0,0
0,0,0,0
0,0,0,0
0,0,0,0
0,0,0,0
0,0,0,0
0,0,0,0
0,0,0,0
0,0,0,0
1,1,1,1
0,0,0,0
1,1,1,1
0,0,0,0
0,0,1,0
0,0,0,0
1,1,1,1
1,1,1,1
0,0,0,0
0,0,1,0
0,0,0,0
1,1,1,1
0,0,0,0
1,1,1,1
0,0,0,0
1,1,1,1
1,1,1,1
0,0,1,0
0,0,0,0
1,1,1,1
0,0,0,0
0,0,0,0
0,0,1,0
1,1,0,1
0,0,0,0
1,1,1,1
0,0,0,0
0,0,0,0
0,0,0,0
1,1,1,1
0,0,0,0
0,0,0,0
0,0,1,0
0,0,0,0
1,1,1,1
0,0,0,0
1,1,1,1
0,0,0,0
1,1,1,1
1,1,1,1
1,1,1,1
1,1,0,1
0,0,0,0
1,1,1,1
1,1,1,1
1,1,1,1
0,0,0,0
1,1,1,1
0,0,0,0
0,0,0,0
0,0,0,0
0,0,0,0
0,0,0,0
0,0,1,0
1,1,1,1
1,1,1,1
0,0,0,0
1,1,0,1
0,0,0,0
0,0,1,0
0,0,0,0
0,0,0,0
1,1,1,1
0,0,1,0
1,1,0,1
0,0,0,0
1,1,1,1
1,1,1,1
0,0,1,0
1,1,1,1
1,1,1,1
0,0,0,0
1,1,1,1
1,1,1,1
0,0,0,0
0,0,0,0
1,1,1,1
0,0,0,0
1,1,1,1
0,0,0,0
0,0,0,0
1,1,0,1
1,1,1,1
1,1,1,1
1,1,1,1
0,0,0,0
1,1,1,1
1,1,1,1
0,0,0,0
0,0,0,0
0,0,0,0
0,0,0,0
1,1,1,1
1,1,1,1
0,0,0,0
1,1,1,1
1,1,1,1
1,1,1,1
0,0,0,0
0,0,0,0
1,1,1,1
0,0,1,0
0,0,0,0
0,0,0,0
0,0,0,0
1,1,1,1
1,1,1,1
1,1,1,1
1,1,1,1
0,0,0,0
1,1,1,1
1,1,1,1
1,1,1,1
1,1,1,1
0,0,0,0
0,0,0,0
1,1,0,1
1,1,1,1
1,1,1,1
1,1,1,1
0,0,0,0
0,0,0,0
0,0,0,0
0,0,0,0
1,1,1,1
0,0,0,0
0,0,0,0
0,0,0,0
0,0,0,0
1,1,1,1
1,1,1,1
0,0,0,0
1,1,1,1
0,0,0,0
0,0,0,0
1,1,1,1
1,1,1,1
1,1,0,1
1,1,1,1
0,0,1,1
0,0,0,0
1,1,1,1
1,1,1,1
0,0,0,0
1,1,1,1
0,0,0,0
0,0,1,0
0,0,0,0
1,1,1,1
1,1,1,1
1,1,1,1
0,0,0,0
1,1,1,1
1,1,1,1
1,1,1,1
0,0,0,0
0,0,0,0
0,0,0,0
1,1,1,1
1,1,1,1
1,1,1,1
0,0,0,0
0,0,0,0
1,1,0,1
1,1,1,1
1,1,1,1
0,0,0,0
0,0,0,0
1,1,1,1
1,1,1,1
0,0,0,0
0,0,0,0
1,1,1,1
1,1,1,1
1,1,1,1
1,1,1,1
1,1,1,1
0,0,0,0
1,1,1,1
1,1,1,1
0,0,0,0
1,1,1,1
0,0,0,0
0,0,0,0
1,1,1,1
1,1,0,1
1,1,1,1
1,1,1,1
0,0,0,0
0,0,0,0
0,0,0,0
1,1,1,1
1,1,1,1
1,1,1,1
0,0,0,0
1,1,0,1
1,1,1,1
0,0,0,0
1,1,1,1
0,0,0,0
1,1,1,1
0,0,0,0
0,0,0,0
0,0,0,0
0,0,0,0
1,1,1,1
0,0,0,0
1,1,1,1
0,0,0,0
0,0,0,0
0,0,0,0
0,0,0,0
0,0,0,0
1,1,1,1
1,1,1,1
0,0,1,0
1,1,1,1
1,1,1,1
0,0,0,0
1,1,1,1
0,0,0,0
0,0,0,0
0,0,0,0
0,0,0,0
0,0,0,0
0,0,1,0
0,0,0,0
1,1,1,1
1,1,1,1
0,0,0,0
0,0,0,0
0,0,0,0
0,0,0,0
1,1,1,1
1,1,1,1
0,0,1,0
1,1,1,1
1,1,1,1
0,0,0,0
1,1,1,1
1,1,1,1
0,0,0,0
1,1,1,1
1,1,1,1
1,1,1,1
0,0,0,0
0,0,0,0
1,1,1,1
0,0,0,0
0,0,0,0
1,1,0,1
0,0,0,0
1,1,1,1
1,1,1,1
1,1,1,1
0,0,0,0
0,0,1,0
1,1,1,1
1,1,1,1
1,1,1,1
1,1,1,1
0,0,0,0
0,0,0,0
0,0,0,0
0,0,0,0
1,1,1,1
1,1,1,1
0,0,0,0
1,1,1,1
1,1,1,1
1,1,1,1
0,0,0,0
0,0,0,0
1,1,1,1
1,1,1,1
1,1,1,1
0,0,0,0
1,1,1,1
0,0,0,0
1,1,1,1
1,1,1,1
1,1,1,1
1,1,1,1
1,1,0,1
0,0,0,0
0,0,0,0
0,0,1,0
1,1,1,1
1,1,1,1
0,0,0,0
1,1,1,1
1,1,1,1
1,1,1,1
1,1,1,1
1,1,1,1
1,1,1,1
0,0,0,0
1,1,1,1
0,0,0,0
0,0,0,0
1,1,1,1
1,1,1,1
1,1,1,1
1,1,1,1
1,1,1,1
0,0,0,0
1,1,1,1
1,1,1,1
1,1,1,1
1,1,0,1
0,0,0,0
1,1,1,1
1,1,1,1
0,0,0,0
0,0,0,0
0,0,0,0
0,0,0,0
1,1,1,1
1,1,1,1
1,1,1,1
1,1,1,1
1,1,1,1
0,0,0,0
0,0,0,0
1,1,0,1
1,1,1,1
1,1,1,1
1,1,1,1
1,1,1,1
0,0,0,0
1,1,1,1
1,1,1,1
1,1,1,1
1,1,1,1
1,1,1,1
1,1,1,1
1,1,1,1
1,1,1,1
1,1,1,1
0,0,0,0
0,0,0,0
1,1,1,1
1,1,1,1
0,0,0,0
1,1,1,1
0,0,0,0
1,1,1,1
1,1,1,1
0,0,0,0
1,1,1,1
1,1,0,1
0,0,0,0
1,1,1,1
1,1,1,1
0,0,1,0
0,0,0,0
1,1,0,1
0,0,1,0
0,0,0,0
1,1,1,1
0,0,1,0
0,0,1,0
0,0,0,0
0,0,1,0
